Purchase Records for Used Cars,,,,,,,,,,,,,
,,,,,,,,,,,,,
car_make ,car_model ,car_model_year ,car_vin_no ,color ,quantity ,amount ,T,U,V,W,X,Y,Z
Pontiac,6000,1989,WP0CA2A81FK015369,Maroon,63,19241.21,ttttt,uuuuu,vvvvv,wwwww,xxxxx,yyyyy,zzzzz
Chrysler,LeBaron,1992,JTDKN3DU9F0632979,Purple,85,46306.72,ttttt,uuuuu,vvvvv,wwwww,xxxxx,yyyyy,zzzzz
Dodge,Ram Van 3500,2003,2HNYB1H64CH127131,Green,94,12326.17,ttttt,uuuuu,vvvvv,wwwww,xxxxx,yyyyy,zzzzz
GMC,Sierra 3500,2003,1G6AY5S35F0740852,Fuscia,99,37437.72,ttttt,uuuuu,vvvvv,wwwww,xxxxx,yyyyy,zzzzz
Saab,900,1991,5FRYD3H84EB040074,Purple,79,22478.77,ttttt,uuuuu,vvvvv,wwwww,xxxxx,yyyyy,zzzzz
Dodge,Shadow,1992,WAUBF78E88A135472,Teal,3,14669.53,ttttt,uuuuu,vvvvv,wwwww,xxxxx,yyyyy,zzzzz
Volvo,940,1992,WAUYGBFCXDN860327,Yellow,18,20808.15,ttttt,uuuuu,vvvvv,wwwww,xxxxx,yyyyy,zzzzz
Honda,Ridgeline,2011,WAUAT48H15K798966,Indigo,53,14351.87,ttttt,uuuuu,vvvvv,wwwww,xxxxx,yyyyy,zzzzz
Honda,Prelude,2001,WBAPK5C54BF406647,Goldenrod,89,9040.64,ttttt,uuuuu,vvvvv,wwwww,xxxxx,yyyyy,zzzzz
BMW,7 Series,2007,WBAPK5C54BA603525,Green,67,28316.67,ttttt,uuuuu,vvvvv,wwwww,xxxxx,yyyyy,zzzzz
Pontiac,Firebird,1986,1FTEX1CM8CF737077,Red,95,23833.35,ttttt,uuuuu,vvvvv,wwwww,xxxxx,yyyyy,zzzzz
Mercury,Milan,2006,1FTMF1E80AK460802,Khaki,37,12104.61,ttttt,uuuuu,vvvvv,wwwww,xxxxx,yyyyy,zzzzz
Suzuki,Vitara,2000,WVGAV7AX2CW238911,Mauv,73,5201.03,ttttt,uuuuu,vvvvv,wwwww,xxxxx,yyyyy,zzzzz
Nissan,Sentra,1999,1G6DF8EY2B0989728,Maroon,33,41117.43,ttttt,uuuuu,vvvvv,wwwww,xxxxx,yyyyy,zzzzz
Mitsubishi,Montero,2004,3GYFNJE3XDS494493,Orange,69,48964.03,ttttt,uuuuu,vvvvv,wwwww,xxxxx,yyyyy,zzzzz
Toyota,Highlander,2003,WP0AB2A82FK965132,Teal,63,36223.54,ttttt,uuuuu,vvvvv,wwwww,xxxxx,yyyyy,zzzzz
Audi,S6,2003,WAU3GBFC6DN827951,Violet,60,18531.09,ttttt,uuuuu,vvvvv,wwwww,xxxxx,yyyyy,zzzzz
Nissan,Titan,2006,JN8BS1MW6DM463674,Fuscia,15,42807.5,ttttt,uuuuu,vvvvv,wwwww,xxxxx,yyyyy,zzzzz
Ford,Crown Victoria,2000,1D7RE3GK6AS436431,Maroon,53,14661.56,ttttt,uuuuu,vvvvv,wwwww,xxxxx,yyyyy,zzzzz
Chevrolet,S10 Blazer,1994,1G6AV5S8XF0150568,Yellow,16,40322.56,ttttt,uuuuu,vvvvv,wwwww,xxxxx,yyyyy,zzzzz
Mercury,Grand Marquis,1985,JTDKDTB39D1248379,Aquamarine,35,38221.88,ttttt,uuuuu,vvvvv,wwwww,xxxxx,yyyyy,zzzzz
Hyundai,XG350,2002,JH4DC53872C381143,Aquamarine,97,22742.26,ttttt,uuuuu,vvvvv,wwwww,xxxxx,yyyyy,zzzzz
Mazda,B-Series,1988,1N4AL3AP5EC774815,Green,12,19358.81,ttttt,uuuuu,vvvvv,wwwww,xxxxx,yyyyy,zzzzz
Toyota,Celica,2005,WAUSF98E57A217962,Purple,26,20221.98,ttttt,uuuuu,vvvvv,wwwww,xxxxx,yyyyy,zzzzz
Corbin,Sparrow,1999,WBAKN9C56ED453624,Violet,60,9796.54,ttttt,uuuuu,vvvvv,wwwww,xxxxx,yyyyy,zzzzz
Maybach,57,2009,JA4AP3AU9CZ066074,Violet,44,48626.43,ttttt,uuuuu,vvvvv,wwwww,xxxxx,yyyyy,zzzzz
Mercedes-Benz,CL-Class,2003,1C3CDZCB2DN375453,Maroon,1,36098.52,ttttt,uuuuu,vvvvv,wwwww,xxxxx,yyyyy,zzzzz
Dodge,Ram 1500,2007,KNAFK4A69E5716871,Teal,99,36110.83,ttttt,uuuuu,vvvvv,wwwww,xxxxx,yyyyy,zzzzz
Ford,F450,2009,WAUJT58E13A847582,Fuscia,37,49493.69,ttttt,uuuuu,vvvvv,wwwww,xxxxx,yyyyy,zzzzz
Audi,Cabriolet,1995,WAULD64B53N126830,Mauv,32,39093.9,ttttt,uuuuu,vvvvv,wwwww,xxxxx,yyyyy,zzzzz
Chevrolet,Tahoe,1999,WAUFFAFLXEN127300,Maroon,90,14639.46,ttttt,uuuuu,vvvvv,wwwww,xxxxx,yyyyy,zzzzz
Dodge,Durango,1998,JN1BY1AP7EM255749,Fuscia,16,18980.94,ttttt,uuuuu,vvvvv,wwwww,xxxxx,yyyyy,zzzzz
Chevrolet,Silverado 2500,2007,3D73Y4HL3BG673476,Violet,85,47221.89,ttttt,uuuuu,vvvvv,wwwww,xxxxx,yyyyy,zzzzz
Mitsubishi,Galant,1996,WAUKD78P56A493567,Yellow,66,43970.95,ttttt,uuuuu,vvvvv,wwwww,xxxxx,yyyyy,zzzzz
Saab,900,1990,2T1BURHE7EC066981,Red,26,27338.53,ttttt,uuuuu,vvvvv,wwwww,xxxxx,yyyyy,zzzzz
Land Rover,Range Rover,1986,1G4GA5ER5DF682873,Maroon,1,9403.33,ttttt,uuuuu,vvvvv,wwwww,xxxxx,yyyyy,zzzzz
Bentley,Continental,2008,1GTPCTEX9AZ807188,Purple,12,38227.58,ttttt,uuuuu,vvvvv,wwwww,xxxxx,yyyyy,zzzzz
Chevrolet,Suburban 2500,2012,WVWGU9AN7BE861036,Crimson,66,48565.29,ttttt,uuuuu,vvvvv,wwwww,xxxxx,yyyyy,zzzzz
Mazda,Protege,1996,1G6AM5S33E0650271,Fuscia,3,47460.52,ttttt,uuuuu,vvvvv,wwwww,xxxxx,yyyyy,zzzzz
GMC,Vandura G1500,1995,1G6DM1E36C0550454,Goldenrod,26,41967.81,ttttt,uuuuu,vvvvv,wwwww,xxxxx,yyyyy,zzzzz
GMC,2500 Club Coupe,1993,JH4NA21634S646868,Goldenrod,40,33266.67,ttttt,uuuuu,vvvvv,wwwww,xxxxx,yyyyy,zzzzz
Mazda,626,1991,WBSBL93454J655220,Maroon,18,29124.96,ttttt,uuuuu,vvvvv,wwwww,xxxxx,yyyyy,zzzzz
Lincoln,Town Car,1991,JH4DC54833S166896,Puce,49,7227.8,ttttt,uuuuu,vvvvv,wwwww,xxxxx,yyyyy,zzzzz
Cadillac,Allante,1993,2HNYD28808H522240,Red,39,7890.18,ttttt,uuuuu,vvvvv,wwwww,xxxxx,yyyyy,zzzzz
Buick,Coachbuilder,1993,WAULT58E54A381617,Blue,10,41515.02,ttttt,uuuuu,vvvvv,wwwww,xxxxx,yyyyy,zzzzz
Volkswagen,Cabriolet,1996,3D7TP2CTXBG293274,Purple,26,47267.78,ttttt,uuuuu,vvvvv,wwwww,xxxxx,yyyyy,zzzzz
Toyota,Celica,2001,KNAFK4A63F5420360,Orange,23,13708.89,ttttt,uuuuu,vvvvv,wwwww,xxxxx,yyyyy,zzzzz
Chevrolet,Corsica,1992,WAUDF78E47A345770,Blue,56,27657.65,ttttt,uuuuu,vvvvv,wwwww,xxxxx,yyyyy,zzzzz
Acura,MDX,2007,SCBBR93WX78799058,Red,94,40293.22,ttttt,uuuuu,vvvvv,wwwww,xxxxx,yyyyy,zzzzz
Mazda,Tribute,2008,JTDZN3EU2FJ073377,Indigo,60,7736.48,ttttt,uuuuu,vvvvv,wwwww,xxxxx,yyyyy,zzzzz
Lincoln,Navigator,2000,WBAPH5C54BA889259,Orange,77,5640.04,ttttt,uuuuu,vvvvv,wwwww,xxxxx,yyyyy,zzzzz
Ford,Expedition,2008,1FTEW1E85AF902356,Green,3,25869.59,ttttt,uuuuu,vvvvv,wwwww,xxxxx,yyyyy,zzzzz
Chevrolet,Silverado 3500,2004,1G4GF5G31FF057836,Crimson,71,45462.94,ttttt,uuuuu,vvvvv,wwwww,xxxxx,yyyyy,zzzzz
Pontiac,Bonneville,1986,1FMJK1G52EE729156,Yellow,85,30700.63,ttttt,uuuuu,vvvvv,wwwww,xxxxx,yyyyy,zzzzz
MINI,Cooper Countryman,2011,1FTEW1CM6EF053568,Khaki,45,40695.81,ttttt,uuuuu,vvvvv,wwwww,xxxxx,yyyyy,zzzzz
Mazda,MX-6,1992,WAUMR94E09N917499,Fuscia,96,37109.79,ttttt,uuuuu,vvvvv,wwwww,xxxxx,yyyyy,zzzzz
Ram,1500,2011,1G6AB5R33F0420906,Mauv,62,45112.48,ttttt,uuuuu,vvvvv,wwwww,xxxxx,yyyyy,zzzzz
Mitsubishi,Chariot,1992,1G4GD5GG6AF541146,Puce,63,43666.75,ttttt,uuuuu,vvvvv,wwwww,xxxxx,yyyyy,zzzzz
Pontiac,GTO,1970,2HNYD18655H947165,Purple,41,23916.62,ttttt,uuuuu,vvvvv,wwwww,xxxxx,yyyyy,zzzzz
GMC,Sierra 2500,2001,1G6AD5S36D0266967,Puce,90,37241.82,ttttt,uuuuu,vvvvv,wwwww,xxxxx,yyyyy,zzzzz
Infiniti,J,1996,1D7RB1GT3BS893723,Aquamarine,26,27455.91,ttttt,uuuuu,vvvvv,wwwww,xxxxx,yyyyy,zzzzz
Toyota,Avalon,2001,ZFBCFAAH6EZ771400,Blue,66,14616.66,ttttt,uuuuu,vvvvv,wwwww,xxxxx,yyyyy,zzzzz
Honda,Civic,2003,WBA3C1C53CA630785,Teal,73,29039.75,ttttt,uuuuu,vvvvv,wwwww,xxxxx,yyyyy,zzzzz
Ford,E250,2012,TRUWT28N221301076,Puce,84,47585.34,ttttt,uuuuu,vvvvv,wwwww,xxxxx,yyyyy,zzzzz
Kia,Borrego,2009,1D4PU2GK0BW550744,Fuscia,29,14372.16,ttttt,uuuuu,vvvvv,wwwww,xxxxx,yyyyy,zzzzz
Volkswagen,New Beetle,2005,1N6AF0KY8FN951075,Purple,33,32196.33,ttttt,uuuuu,vvvvv,wwwww,xxxxx,yyyyy,zzzzz
Nissan,Cube,2011,3FADP0L36AR873231,Goldenrod,87,12381.71,ttttt,uuuuu,vvvvv,wwwww,xxxxx,yyyyy,zzzzz
Oldsmobile,Cutlass Cruiser,1993,19UUA65545A213929,Purple,9,36961.73,ttttt,uuuuu,vvvvv,wwwww,xxxxx,yyyyy,zzzzz
BMW,5 Series,2006,1GYS4AEF0CR268170,Green,52,31801.05,ttttt,uuuuu,vvvvv,wwwww,xxxxx,yyyyy,zzzzz
Saab,09-May,2008,WA1CGBFE0BD479680,Purple,1,38903.84,ttttt,uuuuu,vvvvv,wwwww,xxxxx,yyyyy,zzzzz
Lincoln,Navigator,1999,1FTWW3B50AE236197,Yellow,13,20206.11,ttttt,uuuuu,vvvvv,wwwww,xxxxx,yyyyy,zzzzz
Buick,Century,2004,WBAYP5C56ED485194,Green,90,22430.94,ttttt,uuuuu,vvvvv,wwwww,xxxxx,yyyyy,zzzzz
GMC,1500,1992,WAUAFAFH4DN858082,Goldenrod,81,44768.54,ttttt,uuuuu,vvvvv,wwwww,xxxxx,yyyyy,zzzzz
Infiniti,QX,2000,1GTN1UEH8FZ034443,Orange,10,34623.77,ttttt,uuuuu,vvvvv,wwwww,xxxxx,yyyyy,zzzzz
Dodge,Viper,2010,1G6DF8EY4B0295008,Blue,20,48614.89,ttttt,uuuuu,vvvvv,wwwww,xxxxx,yyyyy,zzzzz
Plymouth,Acclaim,1992,WBAYE8C52ED019480,Blue,19,31895.19,ttttt,uuuuu,vvvvv,wwwww,xxxxx,yyyyy,zzzzz
Honda,Insight,2012,19UUA56672A896917,Yellow,58,10078.79,ttttt,uuuuu,vvvvv,wwwww,xxxxx,yyyyy,zzzzz
BMW,Z3,1999,1C3ADEBZXDV949375,Purple,14,30163.93,ttttt,uuuuu,vvvvv,wwwww,xxxxx,yyyyy,zzzzz
Chrysler,Sebring,1997,3C3CFFJH8FT766982,Maroon,40,7056.44,ttttt,uuuuu,vvvvv,wwwww,xxxxx,yyyyy,zzzzz
Lincoln,Town Car,1984,JN8AZ2KR8CT665415,Violet,46,31674.15,ttttt,uuuuu,vvvvv,wwwww,xxxxx,yyyyy,zzzzz
Audi,S4,2008,2C4RDGBG4ER510525,Turquoise,13,41048.61,ttttt,uuuuu,vvvvv,wwwww,xxxxx,yyyyy,zzzzz
Mercury,Milan,2011,WA1LGBFE8FD952411,Fuscia,41,17260.38,ttttt,uuuuu,vvvvv,wwwww,xxxxx,yyyyy,zzzzz
Oldsmobile,Cutlass Supreme,1997,3GYFNAE34DS195467,Purple,52,47785.54,ttttt,uuuuu,vvvvv,wwwww,xxxxx,yyyyy,zzzzz
Hyundai,XG350,2005,WBABD53475P846758,Red,97,26343.15,ttttt,uuuuu,vvvvv,wwwww,xxxxx,yyyyy,zzzzz
Mitsubishi,Expo LRV,1996,5FRYD4H91GB871436,Crimson,72,16485.47,ttttt,uuuuu,vvvvv,wwwww,xxxxx,yyyyy,zzzzz
Ford,Econoline E350,1993,JN1AZ4EHXFM037979,Mauv,95,21009.02,ttttt,uuuuu,vvvvv,wwwww,xxxxx,yyyyy,zzzzz
Dodge,Ram,2011,19UUA76568A302085,Blue,74,38731.97,ttttt,uuuuu,vvvvv,wwwww,xxxxx,yyyyy,zzzzz
Saab,09-Mar,2010,WAUJT58E84A686519,Pink,6,47703.88,ttttt,uuuuu,vvvvv,wwwww,xxxxx,yyyyy,zzzzz
Chrysler,300M,2003,1FMCU0F76DU526758,Indigo,39,33445.98,ttttt,uuuuu,vvvvv,wwwww,xxxxx,yyyyy,zzzzz
Toyota,Highlander Hybrid,2007,2HNYD2H40CH906086,Orange,58,29525.13,ttttt,uuuuu,vvvvv,wwwww,xxxxx,yyyyy,zzzzz
Mazda,RX-7,1986,WP0AA2A94DS677069,Purple,45,42273.91,ttttt,uuuuu,vvvvv,wwwww,xxxxx,yyyyy,zzzzz
Chevrolet,Colorado,2006,1G6DW677160992554,Khaki,84,13239.48,ttttt,uuuuu,vvvvv,wwwww,xxxxx,yyyyy,zzzzz
Porsche,911,2010,3C3CFFFH4DT233002,Blue,58,13268.96,ttttt,uuuuu,vvvvv,wwwww,xxxxx,yyyyy,zzzzz
Cadillac,STS-V,2006,WP1AE2A29FL404662,Mauv,50,14805.26,ttttt,uuuuu,vvvvv,wwwww,xxxxx,yyyyy,zzzzz
Toyota,4Runner,2002,JTDKDTB34C1280252,Green,97,24756.99,ttttt,uuuuu,vvvvv,wwwww,xxxxx,yyyyy,zzzzz
Infiniti,QX56,2009,3GTU1YEJ2DG254650,Yellow,2,14771.85,ttttt,uuuuu,vvvvv,wwwww,xxxxx,yyyyy,zzzzz
Mercury,Mountaineer,2005,SCBBB7ZH3BC372487,Aquamarine,92,11792.91,ttttt,uuuuu,vvvvv,wwwww,xxxxx,yyyyy,zzzzz
Mercury,Grand Marquis,1985,1FTEW1CW6AF468949,Turquoise,40,11442.01,ttttt,uuuuu,vvvvv,wwwww,xxxxx,yyyyy,zzzzz
Ford,LTD,1985,WBA3B5G57EN101582,Fuscia,73,35799.79,ttttt,uuuuu,vvvvv,wwwww,xxxxx,yyyyy,zzzzz
Ford,Explorer Sport Trac,2001,WBAKB8C53AC153803,Teal,76,17351.89,ttttt,uuuuu,vvvvv,wwwww,xxxxx,yyyyy,zzzzz
Mazda,B-Series,1987,WA1CMAFP3EA292072,Green,79,30909.21,ttttt,uuuuu,vvvvv,wwwww,xxxxx,yyyyy,zzzzz
Saturn,Ion,2005,JHMZF1C67DS410038,Goldenrod,16,17831.33,ttttt,uuuuu,vvvvv,wwwww,xxxxx,yyyyy,zzzzz
Infiniti,I,2003,5N1AN0NWXFN657706,Pink,57,15085.69,ttttt,uuuuu,vvvvv,wwwww,xxxxx,yyyyy,zzzzz
GMC,Sierra 2500,2005,SCFFDCBD6BG360630,Pink,65,24210.09,ttttt,uuuuu,vvvvv,wwwww,xxxxx,yyyyy,zzzzz
Subaru,Outback,2001,JN1AZ4EH6AM001067,Goldenrod,14,46687.77,ttttt,uuuuu,vvvvv,wwwww,xxxxx,yyyyy,zzzzz
Lamborghini,Gallardo,2010,5J8TB3H57GL210887,Teal,38,11002.56,ttttt,uuuuu,vvvvv,wwwww,xxxxx,yyyyy,zzzzz
Dodge,Caliber,2012,SCFKDCEP5EG813614,Pink,56,6241.37,ttttt,uuuuu,vvvvv,wwwww,xxxxx,yyyyy,zzzzz
Mazda,MX-3,1995,1GYS3CKJ2FR987688,Orange,90,48682.22,ttttt,uuuuu,vvvvv,wwwww,xxxxx,yyyyy,zzzzz
Lincoln,Mark VIII,1996,WP0AB2A99BS240713,Maroon,96,38691.4,ttttt,uuuuu,vvvvv,wwwww,xxxxx,yyyyy,zzzzz
Mazda,CX-9,2010,19UUA66227A674277,Pink,4,10243.63,ttttt,uuuuu,vvvvv,wwwww,xxxxx,yyyyy,zzzzz
GMC,1500,1996,WBA3A5G50DN869521,Khaki,73,14855.89,ttttt,uuuuu,vvvvv,wwwww,xxxxx,yyyyy,zzzzz
Ford,Focus,2003,2C3CDXDT4CH530281,Teal,66,10140.23,ttttt,uuuuu,vvvvv,wwwww,xxxxx,yyyyy,zzzzz
Mazda,Protege,1999,1G4PS5SK3C4983253,Crimson,4,32019.47,ttttt,uuuuu,vvvvv,wwwww,xxxxx,yyyyy,zzzzz
Chevrolet,Tahoe,2008,1GKKRNED9BJ412944,Turquoise,100,21127.13,ttttt,uuuuu,vvvvv,wwwww,xxxxx,yyyyy,zzzzz
Mazda,Mazdaspeed 3,2007,WDDEJ7GB8BA680350,Crimson,59,29201.12,ttttt,uuuuu,vvvvv,wwwww,xxxxx,yyyyy,zzzzz
Buick,LeSabre,1994,WBAKE5C5XDJ203618,Turquoise,83,25790.74,ttttt,uuuuu,vvvvv,wwwww,xxxxx,yyyyy,zzzzz
Mercedes-Benz,E-Class,1992,1GKS1GEJXBR792807,Turquoise,76,32294.57,ttttt,uuuuu,vvvvv,wwwww,xxxxx,yyyyy,zzzzz
Cadillac,Seville,2003,WBAHN03518D191182,Puce,16,48125.56,ttttt,uuuuu,vvvvv,wwwww,xxxxx,yyyyy,zzzzz
Mazda,CX-7,2010,5TDBK3EH5DS671637,Green,35,34303.45,ttttt,uuuuu,vvvvv,wwwww,xxxxx,yyyyy,zzzzz
Volkswagen,Jetta,2004,5N1CR2MN5EC623118,Maroon,18,20444.09,ttttt,uuuuu,vvvvv,wwwww,xxxxx,yyyyy,zzzzz
Mitsubishi,Montero Sport,1998,1FTSX2B53AE863384,Khaki,45,16891.82,ttttt,uuuuu,vvvvv,wwwww,xxxxx,yyyyy,zzzzz
Suzuki,SJ,1985,SCFEFBAC9AG114663,Aquamarine,49,26888.93,ttttt,uuuuu,vvvvv,wwwww,xxxxx,yyyyy,zzzzz
Kia,Sedona,2008,JN8AZ2NEXF9158655,Purple,77,46819.21,ttttt,uuuuu,vvvvv,wwwww,xxxxx,yyyyy,zzzzz
Honda,Accord Crosstour,2010,WP0CB2A82CS080790,Goldenrod,44,24107.05,ttttt,uuuuu,vvvvv,wwwww,xxxxx,yyyyy,zzzzz
Mercedes-Benz,W201,1989,1FTEX1C86AK741734,Aquamarine,23,42983.23,ttttt,uuuuu,vvvvv,wwwww,xxxxx,yyyyy,zzzzz
Dodge,Ram Wagon B150,1992,WAUUL78E56A209736,Mauv,27,49668.46,ttttt,uuuuu,vvvvv,wwwww,xxxxx,yyyyy,zzzzz
Chevrolet,Lumina APV,1993,JH4DC53846S944726,Aquamarine,93,8062.97,ttttt,uuuuu,vvvvv,wwwww,xxxxx,yyyyy,zzzzz
Pontiac,Grand Prix,2006,3VW8S7AT4FM339264,Fuscia,42,48867.49,ttttt,uuuuu,vvvvv,wwwww,xxxxx,yyyyy,zzzzz
Lexus,RX,2009,1HGCP2E85AA672930,Teal,52,6827.4,ttttt,uuuuu,vvvvv,wwwww,xxxxx,yyyyy,zzzzz
Audi,R8,2010,1G4PR5SK8E4560991,Blue,43,41354.05,ttttt,uuuuu,vvvvv,wwwww,xxxxx,yyyyy,zzzzz
Chevrolet,Corvette,1999,KNAFU6A20C5094712,Mauv,48,16547.2,ttttt,uuuuu,vvvvv,wwwww,xxxxx,yyyyy,zzzzz
Porsche,911,2008,5TDDK3DC3ES272709,Teal,63,42306.77,ttttt,uuuuu,vvvvv,wwwww,xxxxx,yyyyy,zzzzz
Ford,Ranger,1996,3GTU1YEJ3BG281739,Khaki,1,23595.82,ttttt,uuuuu,vvvvv,wwwww,xxxxx,yyyyy,zzzzz
Chevrolet,Tahoe,2012,2G4GV5GV1C9916223,Indigo,23,16328.07,ttttt,uuuuu,vvvvv,wwwww,xxxxx,yyyyy,zzzzz
Volkswagen,Golf,2012,5NMSG3AB6AH918701,Orange,3,7063.3,ttttt,uuuuu,vvvvv,wwwww,xxxxx,yyyyy,zzzzz
Chevrolet,Monte Carlo,2001,3D7TT2CT0BG309865,Mauv,87,5678.31,ttttt,uuuuu,vvvvv,wwwww,xxxxx,yyyyy,zzzzz
Lamborghini,Gallardo,2009,1C4NJCBA4FD868188,Crimson,38,49380.43,ttttt,uuuuu,vvvvv,wwwww,xxxxx,yyyyy,zzzzz
Acura,NSX,1999,1C3CCBCB5CN506741,Maroon,21,22141.95,ttttt,uuuuu,vvvvv,wwwww,xxxxx,yyyyy,zzzzz
Volkswagen,Phaeton,2004,WBAYE4C51DD163920,Orange,32,15109.13,ttttt,uuuuu,vvvvv,wwwww,xxxxx,yyyyy,zzzzz
Nissan,240SX,1994,WA1YD64B24N233919,Pink,40,21117.77,ttttt,uuuuu,vvvvv,wwwww,xxxxx,yyyyy,zzzzz
Ford,Aerostar,1990,1FTMF1CW7AF855702,Maroon,19,12302.88,ttttt,uuuuu,vvvvv,wwwww,xxxxx,yyyyy,zzzzz
Chrysler,Sebring,2003,WAUDFAFL2FN916985,Goldenrod,60,26461.22,ttttt,uuuuu,vvvvv,wwwww,xxxxx,yyyyy,zzzzz
Isuzu,Ascender,2009,WBAUP7C56BV102550,Yellow,81,30752.51,ttttt,uuuuu,vvvvv,wwwww,xxxxx,yyyyy,zzzzz
Kia,Sportage,1999,WBA3R1C53FK977742,Blue,92,29031.94,ttttt,uuuuu,vvvvv,wwwww,xxxxx,yyyyy,zzzzz
Holden,VS Commodore,1995,KM8JT3AB2DU036764,Maroon,38,31041.43,ttttt,uuuuu,vvvvv,wwwww,xxxxx,yyyyy,zzzzz
Cadillac,Escalade ESV,2012,SAJWA0FS2FP597539,Puce,90,5357.74,ttttt,uuuuu,vvvvv,wwwww,xxxxx,yyyyy,zzzzz
Ford,Thunderbird,2004,5FPYK1F2XCB760686,Orange,16,28539.64,ttttt,uuuuu,vvvvv,wwwww,xxxxx,yyyyy,zzzzz
Saturn,Relay,2007,SALGS2TF7FA035246,Aquamarine,3,38186.31,ttttt,uuuuu,vvvvv,wwwww,xxxxx,yyyyy,zzzzz
Toyota,Matrix,2004,3GYFNDEY6BS485008,Orange,4,16411.83,ttttt,uuuuu,vvvvv,wwwww,xxxxx,yyyyy,zzzzz
Buick,Regal,2002,WAUNF78P57A906774,Turquoise,25,46981.11,ttttt,uuuuu,vvvvv,wwwww,xxxxx,yyyyy,zzzzz
Volkswagen,Scirocco,1986,KMHHT6KD9CU614714,Violet,94,5734.41,ttttt,uuuuu,vvvvv,wwwww,xxxxx,yyyyy,zzzzz
Chevrolet,Corvette,1972,1G6DP1E30D0804135,Purple,82,44080.05,ttttt,uuuuu,vvvvv,wwwww,xxxxx,yyyyy,zzzzz
GMC,Jimmy,1996,WBA3N7C59EF809139,Pink,50,19106.04,ttttt,uuuuu,vvvvv,wwwww,xxxxx,yyyyy,zzzzz
GMC,3500,1992,WAUGGBFC2CN060955,Violet,40,49535.32,ttttt,uuuuu,vvvvv,wwwww,xxxxx,yyyyy,zzzzz
Aston Martin,Rapide,2012,1G6DG5E58C0527466,Violet,80,33821.07,ttttt,uuuuu,vvvvv,wwwww,xxxxx,yyyyy,zzzzz
Volvo,C30,2012,1G6AH5RX9F0018664,Pink,75,49059.09,ttttt,uuuuu,vvvvv,wwwww,xxxxx,yyyyy,zzzzz
Chevrolet,1500,1993,WDDHF0EB3FB076939,Fuscia,94,49525.83,ttttt,uuuuu,vvvvv,wwwww,xxxxx,yyyyy,zzzzz
Mercury,Cougar,2001,WAUDT48H04K846257,Red,6,22301.39,ttttt,uuuuu,vvvvv,wwwww,xxxxx,yyyyy,zzzzz
Acura,TL,2008,WBAFU7C52CD128264,Teal,100,30779.78,ttttt,uuuuu,vvvvv,wwwww,xxxxx,yyyyy,zzzzz
Volkswagen,Golf,2000,2GKALMEK3D6894851,Turquoise,70,10245.88,ttttt,uuuuu,vvvvv,wwwww,xxxxx,yyyyy,zzzzz
GMC,3500,1996,JN8CS1MW2EM847151,Crimson,51,45074.55,ttttt,uuuuu,vvvvv,wwwww,xxxxx,yyyyy,zzzzz
Audi,S4,2011,WBAAN37451N261674,Violet,53,35909.4,ttttt,uuuuu,vvvvv,wwwww,xxxxx,yyyyy,zzzzz
Dodge,Ram 3500 Club,1997,5N1AN0NU3CN911220,Puce,38,25259.42,ttttt,uuuuu,vvvvv,wwwww,xxxxx,yyyyy,zzzzz
Lamborghini,Countach,1986,2HNYD18725H374363,Fuscia,75,31608.42,ttttt,uuuuu,vvvvv,wwwww,xxxxx,yyyyy,zzzzz
Suzuki,Sidekick,1990,KL4CJCSB2FB097591,Red,90,5418.62,ttttt,uuuuu,vvvvv,wwwww,xxxxx,yyyyy,zzzzz
Hyundai,Scoupe,1994,3TMJU4GNXAM101997,Khaki,45,45232.18,ttttt,uuuuu,vvvvv,wwwww,xxxxx,yyyyy,zzzzz
Volkswagen,Cabriolet,1995,1G6KD54Y84U218618,Red,97,10176.6,ttttt,uuuuu,vvvvv,wwwww,xxxxx,yyyyy,zzzzz
Mercury,Sable,1992,WBANF33577C164851,Khaki,95,17192.23,ttttt,uuuuu,vvvvv,wwwww,xxxxx,yyyyy,zzzzz
Mercury,Grand Marquis,2001,5NPDH4AE9DH452095,Maroon,82,24531.8,ttttt,uuuuu,vvvvv,wwwww,xxxxx,yyyyy,zzzzz
Ford,Fiesta,2012,5GAKRBKD3FJ758316,Turquoise,73,38674.06,ttttt,uuuuu,vvvvv,wwwww,xxxxx,yyyyy,zzzzz
Jaguar,X-Type,2008,WAUEH98EX6A932273,Mauv,71,25278.8,ttttt,uuuuu,vvvvv,wwwww,xxxxx,yyyyy,zzzzz
Pontiac,Grand Prix,2000,WBASP0C58DC103759,Orange,13,38538.18,ttttt,uuuuu,vvvvv,wwwww,xxxxx,yyyyy,zzzzz
Hummer,H2,2004,1GYUCHEF6AR039669,Red,36,5871.91,ttttt,uuuuu,vvvvv,wwwww,xxxxx,yyyyy,zzzzz
Buick,LeSabre,1991,1B3CC4FB8AN095899,Turquoise,62,28286.85,ttttt,uuuuu,vvvvv,wwwww,xxxxx,yyyyy,zzzzz
Mercury,Topaz,1987,WAULH64B81N837584,Violet,39,42476.26,ttttt,uuuuu,vvvvv,wwwww,xxxxx,yyyyy,zzzzz
Lincoln,LS,2003,ZHWGU6BZ5CL878793,Goldenrod,58,19200.95,ttttt,uuuuu,vvvvv,wwwww,xxxxx,yyyyy,zzzzz
Suzuki,Swift,1987,WAUHF68P86A301234,Aquamarine,9,40962.83,ttttt,uuuuu,vvvvv,wwwww,xxxxx,yyyyy,zzzzz
GMC,Yukon,2002,JHMZF1D40FS876846,Yellow,40,27799.33,ttttt,uuuuu,vvvvv,wwwww,xxxxx,yyyyy,zzzzz
Plymouth,Laser,1993,KMHFH4JG5FA463532,Maroon,83,29012.73,ttttt,uuuuu,vvvvv,wwwww,xxxxx,yyyyy,zzzzz
Volkswagen,Jetta,1997,1G6AE5SX1F0716835,Goldenrod,41,44476.57,ttttt,uuuuu,vvvvv,wwwww,xxxxx,yyyyy,zzzzz
Lincoln,Navigator,2010,SCBZB25E71C003482,Green,100,6754.75,ttttt,uuuuu,vvvvv,wwwww,xxxxx,yyyyy,zzzzz
Maserati,Gran Sport,2006,WBAPM5C50BA059695,Violet,8,28110.21,ttttt,uuuuu,vvvvv,wwwww,xxxxx,yyyyy,zzzzz
Volkswagen,GTI,2011,5J8TB3H34FL551242,Turquoise,75,44184.57,ttttt,uuuuu,vvvvv,wwwww,xxxxx,yyyyy,zzzzz
Buick,Regal,2003,JA4AP3AU4BZ370086,Crimson,77,39241.14,ttttt,uuuuu,vvvvv,wwwww,xxxxx,yyyyy,zzzzz
Lincoln,Mark VIII,1997,5UXFE83598L408118,Fuscia,93,29187.46,ttttt,uuuuu,vvvvv,wwwww,xxxxx,yyyyy,zzzzz
Ford,E350,2003,JH4NA12612T055308,Mauv,49,16129.41,ttttt,uuuuu,vvvvv,wwwww,xxxxx,yyyyy,zzzzz
Dodge,Caravan,2009,2HNYD18263H527649,Orange,97,32881.24,ttttt,uuuuu,vvvvv,wwwww,xxxxx,yyyyy,zzzzz
Lincoln,MKX,2009,JN1AZ4FH8FM506470,Blue,85,19436.27,ttttt,uuuuu,vvvvv,wwwww,xxxxx,yyyyy,zzzzz
Mercedes-Benz,SL-Class,2002,1FTEX1EW5AF303310,Blue,22,21412.25,ttttt,uuuuu,vvvvv,wwwww,xxxxx,yyyyy,zzzzz
Lexus,GX,2012,2T2BC1BA5FC381169,Aquamarine,54,25276.37,ttttt,uuuuu,vvvvv,wwwww,xxxxx,yyyyy,zzzzz
Chevrolet,Lumina,1993,1J4NF1FB9BD119187,Indigo,66,37912.74,ttttt,uuuuu,vvvvv,wwwww,xxxxx,yyyyy,zzzzz
Honda,CR-V,1999,SAJWA0HP2EM453059,Pink,39,19975.01,ttttt,uuuuu,vvvvv,wwwww,xxxxx,yyyyy,zzzzz
Chevrolet,Camaro,2010,WBAWV53557P779006,Indigo,92,9832.98,ttttt,uuuuu,vvvvv,wwwww,xxxxx,yyyyy,zzzzz
Nissan,Pathfinder,2008,SCBBR9ZA7DC318882,Green,55,14968.46,ttttt,uuuuu,vvvvv,wwwww,xxxxx,yyyyy,zzzzz
Rolls-Royce,Ghost,2011,2G61L5S37F9136997,Mauv,57,45963.11,ttttt,uuuuu,vvvvv,wwwww,xxxxx,yyyyy,zzzzz
Porsche,911,2002,NM0KS9BN3CT115739,Orange,15,27629.02,ttttt,uuuuu,vvvvv,wwwww,xxxxx,yyyyy,zzzzz
Volvo,C70,2012,2G4GT5GR6D9504714,Goldenrod,49,47137.75,ttttt,uuuuu,vvvvv,wwwww,xxxxx,yyyyy,zzzzz
Jaguar,XJ Series,1998,2HNYD28807H648645,Turquoise,3,8183.38,ttttt,uuuuu,vvvvv,wwwww,xxxxx,yyyyy,zzzzz
Chevrolet,Astro,1996,1G6AM5SX2D0833856,Blue,20,18360.35,ttttt,uuuuu,vvvvv,wwwww,xxxxx,yyyyy,zzzzz
Dodge,Ram 1500,2006,1FMCU4K31AK678920,Teal,14,13630.94,ttttt,uuuuu,vvvvv,wwwww,xxxxx,yyyyy,zzzzz
Audi,4000CS Quattro,1987,2T1KE4EE8AC308952,Orange,32,12829.24,ttttt,uuuuu,vvvvv,wwwww,xxxxx,yyyyy,zzzzz
Jaguar,XJ Series,1995,KL4CJASB1FB856851,Turquoise,33,33603.52,ttttt,uuuuu,vvvvv,wwwww,xxxxx,yyyyy,zzzzz
Volkswagen,Jetta,2008,WBAWV5C55AP315964,Blue,40,24760.48,ttttt,uuuuu,vvvvv,wwwww,xxxxx,yyyyy,zzzzz
Nissan,JUKE,2011,JH4CW2H53DC151862,Red,88,31856.24,ttttt,uuuuu,vvvvv,wwwww,xxxxx,yyyyy,zzzzz
Mitsubishi,Lancer,2004,3C4PDDDG4CT519819,Pink,18,33800.21,ttttt,uuuuu,vvvvv,wwwww,xxxxx,yyyyy,zzzzz
Mercury,Grand Marquis,1986,WDDJK7DA9EF743809,Crimson,78,45276.48,ttttt,uuuuu,vvvvv,wwwww,xxxxx,yyyyy,zzzzz
Lincoln,Mark VIII,1998,WBAYP9C56DD473441,Blue,8,15666.7,ttttt,uuuuu,vvvvv,wwwww,xxxxx,yyyyy,zzzzz
Nissan,Xterra,2000,JN1AZ4EH8AM324097,Red,4,40644.3,ttttt,uuuuu,vvvvv,wwwww,xxxxx,yyyyy,zzzzz
Ford,Thunderbird,2002,YV1672MK7C2043668,Goldenrod,98,10775.7,ttttt,uuuuu,vvvvv,wwwww,xxxxx,yyyyy,zzzzz
Saab,9000,1995,5LMJJ2H54DE658239,Khaki,63,32087.74,ttttt,uuuuu,vvvvv,wwwww,xxxxx,yyyyy,zzzzz
Mitsubishi,Montero,1992,19UYA42791A537271,Purple,39,8910.63,ttttt,uuuuu,vvvvv,wwwww,xxxxx,yyyyy,zzzzz
Ford,Ranger,1984,WAUKFAFL5CA104851,Crimson,32,18353.32,ttttt,uuuuu,vvvvv,wwwww,xxxxx,yyyyy,zzzzz
Dodge,Intrepid,2000,3C63D2JL7CG366258,Violet,21,5412.09,ttttt,uuuuu,vvvvv,wwwww,xxxxx,yyyyy,zzzzz
Nissan,Titan,2008,JH4NA126X1T325165,Fuscia,63,9007.05,ttttt,uuuuu,vvvvv,wwwww,xxxxx,yyyyy,zzzzz
GMC,Sierra Denali,2006,SALAB2V64FA909863,Crimson,67,24166.59,ttttt,uuuuu,vvvvv,wwwww,xxxxx,yyyyy,zzzzz
Land Rover,Discovery,1994,WBAGL63483D763529,Pink,58,18369.47,ttttt,uuuuu,vvvvv,wwwww,xxxxx,yyyyy,zzzzz
Volvo,XC90,2004,WAUPEAFM4CA097926,Pink,67,45293.38,ttttt,uuuuu,vvvvv,wwwww,xxxxx,yyyyy,zzzzz
Porsche,968,1992,1YVHZ8BH5B5757826,Violet,3,49816.15,ttttt,uuuuu,vvvvv,wwwww,xxxxx,yyyyy,zzzzz
Toyota,MR2,2001,1G6AF5S35D0064602,Green,92,20017.55,ttttt,uuuuu,vvvvv,wwwww,xxxxx,yyyyy,zzzzz
Mazda,CX-7,2012,KMHTC6AD9DU612684,Blue,81,46581.88,ttttt,uuuuu,vvvvv,wwwww,xxxxx,yyyyy,zzzzz
Mercury,Grand Marquis,1988,WAULC58E62A106500,Puce,66,39845.4,ttttt,uuuuu,vvvvv,wwwww,xxxxx,yyyyy,zzzzz
Dodge,Grand Caravan,2011,JA32U1FU9AU017496,Green,91,48076.9,ttttt,uuuuu,vvvvv,wwwww,xxxxx,yyyyy,zzzzz
Ford,E250,2012,WAU3VAFR1AA680736,Purple,7,6960.71,ttttt,uuuuu,vvvvv,wwwww,xxxxx,yyyyy,zzzzz
Maybach,62,2009,WBAVC93528K418128,Orange,33,21028.27,ttttt,uuuuu,vvvvv,wwwww,xxxxx,yyyyy,zzzzz
Nissan,Titan,2008,3D73Y3CL8BG923604,Orange,64,38576.68,ttttt,uuuuu,vvvvv,wwwww,xxxxx,yyyyy,zzzzz
Hyundai,Sonata,2009,1FMEU7FE4AU523577,Green,23,49915.25,ttttt,uuuuu,vvvvv,wwwww,xxxxx,yyyyy,zzzzz
Chevrolet,Blazer,2004,1G4GE5E37CF726418,Yellow,25,19708.1,ttttt,uuuuu,vvvvv,wwwww,xxxxx,yyyyy,zzzzz
Mitsubishi,Raider,2007,JM1BL1K53B1644801,Yellow,43,21663.95,ttttt,uuuuu,vvvvv,wwwww,xxxxx,yyyyy,zzzzz
Land Rover,Discovery,1999,1GYS4CEF3DR048003,Violet,35,15343.55,ttttt,uuuuu,vvvvv,wwwww,xxxxx,yyyyy,zzzzz
Lexus,IS,2010,3C4PDDDG5DT440421,Indigo,37,48082.9,ttttt,uuuuu,vvvvv,wwwww,xxxxx,yyyyy,zzzzz
Mazda,Mazda6,2012,WAUAT48H85K900134,Goldenrod,64,45560.01,ttttt,uuuuu,vvvvv,wwwww,xxxxx,yyyyy,zzzzz
Chevrolet,Impala,2008,3C3CFFFH9ET727213,Fuscia,68,15051.13,ttttt,uuuuu,vvvvv,wwwww,xxxxx,yyyyy,zzzzz
Lexus,ES,2000,WAUKF78E36A050164,Fuscia,4,8857.24,ttttt,uuuuu,vvvvv,wwwww,xxxxx,yyyyy,zzzzz
Volkswagen,Jetta,1991,5NPEB4AC6BH281484,Orange,41,41365.65,ttttt,uuuuu,vvvvv,wwwww,xxxxx,yyyyy,zzzzz
Nissan,200SX,1995,WBA3V5C59EP923138,Orange,20,35756.85,ttttt,uuuuu,vvvvv,wwwww,xxxxx,yyyyy,zzzzz
Ford,Expedition EL,2010,3D4PH9FV3AT395071,Crimson,67,14763.63,ttttt,uuuuu,vvvvv,wwwww,xxxxx,yyyyy,zzzzz
Mazda,Mazda5,2008,WBA3B1C56DF009872,Teal,59,42097.07,ttttt,uuuuu,vvvvv,wwwww,xxxxx,yyyyy,zzzzz
Pontiac,LeMans,1992,5J8TB1H26CA917155,Teal,18,20716.72,ttttt,uuuuu,vvvvv,wwwww,xxxxx,yyyyy,zzzzz
Jeep,Grand Cherokee,2003,4T1BF1FK7EU611015,Puce,51,28904.96,ttttt,uuuuu,vvvvv,wwwww,xxxxx,yyyyy,zzzzz
Ford,Ranger,1986,1GYFC36289R480769,Maroon,13,20168.54,ttttt,uuuuu,vvvvv,wwwww,xxxxx,yyyyy,zzzzz
Mazda,Familia,1992,JTMHY7AJ6A4067028,Puce,7,34719.43,ttttt,uuuuu,vvvvv,wwwww,xxxxx,yyyyy,zzzzz
Ford,E-Series,1992,1G6DP5ED4B0885802,Pink,20,16059.13,ttttt,uuuuu,vvvvv,wwwww,xxxxx,yyyyy,zzzzz
Mercedes-Benz,E-Class,2009,1GYS3HEF5BR124513,Fuscia,68,38337.04,ttttt,uuuuu,vvvvv,wwwww,xxxxx,yyyyy,zzzzz
Plymouth,Voyager,1999,2LMDJ6JC5AB155914,Turquoise,30,21822.85,ttttt,uuuuu,vvvvv,wwwww,xxxxx,yyyyy,zzzzz
Ford,Taurus,1993,WAULT54B63N742629,Mauv,33,30759.11,ttttt,uuuuu,vvvvv,wwwww,xxxxx,yyyyy,zzzzz
Honda,Accord,2002,1G6DN56S750429106,Red,85,40487.04,ttttt,uuuuu,vvvvv,wwwww,xxxxx,yyyyy,zzzzz
Oldsmobile,Ciera,1993,19UUA56952A706056,Indigo,86,16251.96,ttttt,uuuuu,vvvvv,wwwww,xxxxx,yyyyy,zzzzz
Saturn,Ion,2004,1G6DS8EV0A0306439,Maroon,31,33070.33,ttttt,uuuuu,vvvvv,wwwww,xxxxx,yyyyy,zzzzz
MINI,Cooper Clubman,2010,1N6AA0ED0FN278323,Teal,46,39902.23,ttttt,uuuuu,vvvvv,wwwww,xxxxx,yyyyy,zzzzz
Mitsubishi,Galant,1993,WBA3B3C50EJ157641,Blue,85,6713.71,ttttt,uuuuu,vvvvv,wwwww,xxxxx,yyyyy,zzzzz
BMW,M5,2010,WAUGFAFR8AA557093,Khaki,61,7809.42,ttttt,uuuuu,vvvvv,wwwww,xxxxx,yyyyy,zzzzz
Chevrolet,Corvette,1969,WAUVT58E24A534656,Indigo,39,40126.84,ttttt,uuuuu,vvvvv,wwwww,xxxxx,yyyyy,zzzzz
Mitsubishi,GTO,1995,WAUDH48H17K679591,Blue,80,31594.25,ttttt,uuuuu,vvvvv,wwwww,xxxxx,yyyyy,zzzzz
Toyota,Corolla,1994,3GYFK66N95G930289,Crimson,7,14664.74,ttttt,uuuuu,vvvvv,wwwww,xxxxx,yyyyy,zzzzz
Oldsmobile,98,1994,5TFBY5F10AX646372,Puce,34,27282.49,ttttt,uuuuu,vvvvv,wwwww,xxxxx,yyyyy,zzzzz
Dodge,Grand Caravan,2011,5FRYD3H6XGB899378,Orange,46,6603.72,ttttt,uuuuu,vvvvv,wwwww,xxxxx,yyyyy,zzzzz
Ford,Courier,1989,WAUDH78E18A634584,Fuscia,38,32396.05,ttttt,uuuuu,vvvvv,wwwww,xxxxx,yyyyy,zzzzz
GMC,Suburban 1500,1994,JTHBB1BA3C2675024,Purple,80,24920.7,ttttt,uuuuu,vvvvv,wwwww,xxxxx,yyyyy,zzzzz
Toyota,Avalon,1996,1G6DD67VX90715278,Turquoise,94,16208.83,ttttt,uuuuu,vvvvv,wwwww,xxxxx,yyyyy,zzzzz
BMW,X5,2003,2G61P5S37D9249995,Green,28,44013.06,ttttt,uuuuu,vvvvv,wwwww,xxxxx,yyyyy,zzzzz
Mercedes-Benz,M-Class,2001,SCFAD01A36G584590,Green,37,44860.93,ttttt,uuuuu,vvvvv,wwwww,xxxxx,yyyyy,zzzzz
Lincoln,Continental,1997,YV1672MK0A2623096,Pink,57,15102.33,ttttt,uuuuu,vvvvv,wwwww,xxxxx,yyyyy,zzzzz
Mitsubishi,3000GT,1994,WDDJK7DA5EF608939,Green,39,20773.74,ttttt,uuuuu,vvvvv,wwwww,xxxxx,yyyyy,zzzzz
Toyota,Solara,2005,JN8AF5MR1CT300405,Fuscia,77,41924.37,ttttt,uuuuu,vvvvv,wwwww,xxxxx,yyyyy,zzzzz
Oldsmobile,Alero,2003,WBA3B5C53FP120397,Indigo,25,29587.1,ttttt,uuuuu,vvvvv,wwwww,xxxxx,yyyyy,zzzzz
Rolls-Royce,Ghost,2011,1GTN2TEH1FZ718516,Fuscia,57,20774.94,ttttt,uuuuu,vvvvv,wwwww,xxxxx,yyyyy,zzzzz
Ford,Bronco,1985,1FMJK1J5XAE637893,Khaki,8,32293.36,ttttt,uuuuu,vvvvv,wwwww,xxxxx,yyyyy,zzzzz
BMW,5 Series,2010,WBAET37475N894772,Pink,24,37432.13,ttttt,uuuuu,vvvvv,wwwww,xxxxx,yyyyy,zzzzz
GMC,Vandura 1500,1993,1FTSW3B50AE240023,Purple,75,14249.85,ttttt,uuuuu,vvvvv,wwwww,xxxxx,yyyyy,zzzzz
Maserati,GranSport,2006,1GYS3DEF5DR212456,Yellow,39,38334.55,ttttt,uuuuu,vvvvv,wwwww,xxxxx,yyyyy,zzzzz
Volkswagen,Type 2,1986,1GD22XEG3FZ750865,Turquoise,80,44934.34,ttttt,uuuuu,vvvvv,wwwww,xxxxx,yyyyy,zzzzz
BMW,M3,2003,JH4CU2F82CC867072,Turquoise,52,33155.1,ttttt,uuuuu,vvvvv,wwwww,xxxxx,yyyyy,zzzzz
Aston Martin,DB9 Volante,2006,WBA3K5C56EF021920,Teal,31,44669.97,ttttt,uuuuu,vvvvv,wwwww,xxxxx,yyyyy,zzzzz
Mazda,MX-5,1997,1D4PU2GK3AW842323,Goldenrod,90,38495.35,ttttt,uuuuu,vvvvv,wwwww,xxxxx,yyyyy,zzzzz
Chevrolet,Avalanche 1500,2002,WBAUT93539A997441,Goldenrod,88,15611.87,ttttt,uuuuu,vvvvv,wwwww,xxxxx,yyyyy,zzzzz
Chevrolet,HHR,2010,2C3CDZAT3FH802338,Mauv,6,39099.55,ttttt,uuuuu,vvvvv,wwwww,xxxxx,yyyyy,zzzzz
GMC,Safari,2001,3VW1K7AJ0FM546041,Fuscia,37,41492.88,ttttt,uuuuu,vvvvv,wwwww,xxxxx,yyyyy,zzzzz
Buick,Coachbuilder,1990,NM0GE9F79F1321124,Indigo,18,21824.76,ttttt,uuuuu,vvvvv,wwwww,xxxxx,yyyyy,zzzzz
Oldsmobile,Bravada,2003,2G4GL5EX6E9053321,Puce,36,34985.48,ttttt,uuuuu,vvvvv,wwwww,xxxxx,yyyyy,zzzzz
Lotus,Esprit,2003,1G6AB5SA0F0783866,Yellow,82,23573.69,ttttt,uuuuu,vvvvv,wwwww,xxxxx,yyyyy,zzzzz
Kia,Sephia,1998,2G61L5S36F9871177,Violet,65,7194.37,ttttt,uuuuu,vvvvv,wwwww,xxxxx,yyyyy,zzzzz
Mercedes-Benz,190E,1993,1D7RW3BK2AS256707,Violet,50,5401.87,ttttt,uuuuu,vvvvv,wwwww,xxxxx,yyyyy,zzzzz
Kia,Borrego,2009,1FMNE1BW0AD601166,Teal,39,18900.66,ttttt,uuuuu,vvvvv,wwwww,xxxxx,yyyyy,zzzzz
Dodge,Caravan,2012,1GKKRNED3EJ953833,Orange,63,29702.22,ttttt,uuuuu,vvvvv,wwwww,xxxxx,yyyyy,zzzzz
Lexus,RX,2000,1FTMF1CWXAK891245,Fuscia,50,21150.41,ttttt,uuuuu,vvvvv,wwwww,xxxxx,yyyyy,zzzzz
Ford,Taurus,2010,WBAXA5C58FD146631,Yellow,30,19602.35,ttttt,uuuuu,vvvvv,wwwww,xxxxx,yyyyy,zzzzz
Buick,LaCrosse,2008,3VW8S7AT8FM819114,Puce,49,38205.04,ttttt,uuuuu,vvvvv,wwwww,xxxxx,yyyyy,zzzzz
Land Rover,Range Rover,1992,5N1AA0NC1CN582245,Goldenrod,59,31108.26,ttttt,uuuuu,vvvvv,wwwww,xxxxx,yyyyy,zzzzz
Ford,Fiesta,2013,1J4RR4GGXBC026396,Turquoise,2,7891.89,ttttt,uuuuu,vvvvv,wwwww,xxxxx,yyyyy,zzzzz
Toyota,Sienna,2003,WBAYB6C54FG814916,Fuscia,26,25454.91,ttttt,uuuuu,vvvvv,wwwww,xxxxx,yyyyy,zzzzz
Nissan,350Z Roadster,2006,1FTSW3A57AE984297,Crimson,99,44655.4,ttttt,uuuuu,vvvvv,wwwww,xxxxx,yyyyy,zzzzz
GMC,Yukon XL 2500,2005,WAUTFAFH0DN825332,Blue,97,25559.11,ttttt,uuuuu,vvvvv,wwwww,xxxxx,yyyyy,zzzzz
Cadillac,DeVille,2004,YV126MED8F1617721,Puce,32,48428.29,ttttt,uuuuu,vvvvv,wwwww,xxxxx,yyyyy,zzzzz
Dodge,Colt,1992,5GADS13S272001407,Orange,25,12413.66,ttttt,uuuuu,vvvvv,wwwww,xxxxx,yyyyy,zzzzz
Subaru,Forester,2000,1GYS3FEJ2DR379115,Aquamarine,59,31738.8,ttttt,uuuuu,vvvvv,wwwww,xxxxx,yyyyy,zzzzz
Dodge,Intrepid,2001,JM1NC2JF9E0113514,Aquamarine,87,23204.47,ttttt,uuuuu,vvvvv,wwwww,xxxxx,yyyyy,zzzzz
Hyundai,Sonata,2007,SAJWA1CB7CL989610,Aquamarine,47,28910.39,ttttt,uuuuu,vvvvv,wwwww,xxxxx,yyyyy,zzzzz
Chevrolet,Impala,2004,1G6DJ8EVXA0412822,Mauv,53,5127.82,ttttt,uuuuu,vvvvv,wwwww,xxxxx,yyyyy,zzzzz
Audi,5000CS,1988,JM3TB2CA9F0472575,Orange,40,46532.5,ttttt,uuuuu,vvvvv,wwwww,xxxxx,yyyyy,zzzzz
Aston Martin,Virage,2011,WBAWL73557P054975,Maroon,49,43733.15,ttttt,uuuuu,vvvvv,wwwww,xxxxx,yyyyy,zzzzz
Hummer,H2,2005,WAUAFAFL0CN619535,Red,45,28682.39,ttttt,uuuuu,vvvvv,wwwww,xxxxx,yyyyy,zzzzz
Chevrolet,S10,1992,5FPYK1F27DB025407,Yellow,39,33329.55,ttttt,uuuuu,vvvvv,wwwww,xxxxx,yyyyy,zzzzz
Mitsubishi,Lancer Evolution,2002,WAUCFAFH8AN840382,Green,42,11453.58,ttttt,uuuuu,vvvvv,wwwww,xxxxx,yyyyy,zzzzz
Mazda,Miata MX-5,1994,4A31K2DF7AE048976,Aquamarine,52,15915.02,ttttt,uuuuu,vvvvv,wwwww,xxxxx,yyyyy,zzzzz
Mitsubishi,Chariot,1990,WBAXG5C58DD795020,Pink,76,14112.98,ttttt,uuuuu,vvvvv,wwwww,xxxxx,yyyyy,zzzzz
Cadillac,SRX,2010,1FTNX2A56AE878007,Green,38,31566.9,ttttt,uuuuu,vvvvv,wwwww,xxxxx,yyyyy,zzzzz
Mercury,Sable,1997,KMHEC4A49EA891599,Teal,17,43137.83,ttttt,uuuuu,vvvvv,wwwww,xxxxx,yyyyy,zzzzz
Cadillac,SRX,2005,WA1LFAFP7FA444446,Aquamarine,80,11379.76,ttttt,uuuuu,vvvvv,wwwww,xxxxx,yyyyy,zzzzz
Pontiac,Firebird,2000,1GYS4DEF1ER314514,Maroon,89,43628.22,ttttt,uuuuu,vvvvv,wwwww,xxxxx,yyyyy,zzzzz
GMC,Safari,1993,2G4GT5GR7C9118818,Teal,46,16117.1,ttttt,uuuuu,vvvvv,wwwww,xxxxx,yyyyy,zzzzz
Maserati,GranTurismo,2011,1N6AA0CA8DN899041,Crimson,53,32437.55,ttttt,uuuuu,vvvvv,wwwww,xxxxx,yyyyy,zzzzz
Ford,Mustang,1989,1C3ADEBZ0DV910567,Aquamarine,64,12004.65,ttttt,uuuuu,vvvvv,wwwww,xxxxx,yyyyy,zzzzz
Nissan,Titan,2012,3VWJX7AJ7AM305698,Aquamarine,23,36446.84,ttttt,uuuuu,vvvvv,wwwww,xxxxx,yyyyy,zzzzz
Mitsubishi,L300,1988,YV1902MM4F1674939,Indigo,36,49078.87,ttttt,uuuuu,vvvvv,wwwww,xxxxx,yyyyy,zzzzz
Chevrolet,APV,1992,5UXWX7C50F0222485,Violet,96,16158.52,ttttt,uuuuu,vvvvv,wwwww,xxxxx,yyyyy,zzzzz
Ford,GT500,2009,5TDDK3DC0FS669487,Fuscia,97,42869.38,ttttt,uuuuu,vvvvv,wwwww,xxxxx,yyyyy,zzzzz
Audi,100,1989,2LMDJ6JK5FB465446,Red,56,48291.37,ttttt,uuuuu,vvvvv,wwwww,xxxxx,yyyyy,zzzzz
Mercedes-Benz,500SEL,1993,WA1LGBFE9ED334089,Blue,81,5254.49,ttttt,uuuuu,vvvvv,wwwww,xxxxx,yyyyy,zzzzz
Suzuki,XL7,2006,WBADS43463G852489,Pink,79,24726.71,ttttt,uuuuu,vvvvv,wwwww,xxxxx,yyyyy,zzzzz
Audi,A4,2004,1N6AA0CA9DN226386,Turquoise,15,8185.29,ttttt,uuuuu,vvvvv,wwwww,xxxxx,yyyyy,zzzzz
Chevrolet,Aveo,2004,WAUHF98P26A886023,Goldenrod,82,21295.49,ttttt,uuuuu,vvvvv,wwwww,xxxxx,yyyyy,zzzzz
Volvo,C70,2002,1G4GC5GR6CF541428,Puce,77,35297.8,ttttt,uuuuu,vvvvv,wwwww,xxxxx,yyyyy,zzzzz
Acura,TSX,2009,SCFAD01E69G092675,Mauv,18,30426.37,ttttt,uuuuu,vvvvv,wwwww,xxxxx,yyyyy,zzzzz
Chevrolet,Corvette,1985,1N6AA0CC6BN642247,Turquoise,52,33107.39,ttttt,uuuuu,vvvvv,wwwww,xxxxx,yyyyy,zzzzz
Pontiac,Grand Am,2002,WBAEW53453P584517,Yellow,3,30190.56,ttttt,uuuuu,vvvvv,wwwww,xxxxx,yyyyy,zzzzz
Cadillac,DeVille,2001,5TDBW5G17DS118181,Teal,20,29299.51,ttttt,uuuuu,vvvvv,wwwww,xxxxx,yyyyy,zzzzz
Ford,Laser,1987,SCFFDAAE6CG382188,Teal,42,23573.28,ttttt,uuuuu,vvvvv,wwwww,xxxxx,yyyyy,zzzzz
Ford,Fiesta,2012,1GYUCFEJ2AR660223,Mauv,23,10340.97,ttttt,uuuuu,vvvvv,wwwww,xxxxx,yyyyy,zzzzz
Ford,Taurus,2010,1HGCR2E75FA031379,Yellow,21,44519.73,ttttt,uuuuu,vvvvv,wwwww,xxxxx,yyyyy,zzzzz
GMC,Vandura G2500,1995,JH4CL95868C876314,Goldenrod,81,17310.91,ttttt,uuuuu,vvvvv,wwwww,xxxxx,yyyyy,zzzzz
Saturn,VUE,2009,WBAWV13567P385510,Indigo,25,11960.58,ttttt,uuuuu,vvvvv,wwwww,xxxxx,yyyyy,zzzzz
Jeep,Patriot,2008,JN1CV6FEXEM409419,Red,70,7789.38,ttttt,uuuuu,vvvvv,wwwww,xxxxx,yyyyy,zzzzz
Toyota,Prius,2005,SALAB2D41BA674414,Puce,6,22878.75,ttttt,uuuuu,vvvvv,wwwww,xxxxx,yyyyy,zzzzz
Ford,Thunderbird,1965,1GYS4KEF6BR808609,Khaki,80,12183.76,ttttt,uuuuu,vvvvv,wwwww,xxxxx,yyyyy,zzzzz
Dodge,Ram 3500,2009,2C4JRGAG5ER947126,Red,95,21305.49,ttttt,uuuuu,vvvvv,wwwww,xxxxx,yyyyy,zzzzz
Toyota,Sienna,2009,WBAVL1C57DV069803,Fuscia,46,13746.5,ttttt,uuuuu,vvvvv,wwwww,xxxxx,yyyyy,zzzzz
Volkswagen,Fox,1992,SCFFDCCD4CG416029,Orange,38,48425.56,ttttt,uuuuu,vvvvv,wwwww,xxxxx,yyyyy,zzzzz
Jensen,Interceptor,1967,WUADNAFG4AN860391,Violet,57,10075.89,ttttt,uuuuu,vvvvv,wwwww,xxxxx,yyyyy,zzzzz
Hummer,H1,1993,1D4RE2GG6BC822653,Blue,52,37058.9,ttttt,uuuuu,vvvvv,wwwww,xxxxx,yyyyy,zzzzz
Ford,Club Wagon,1992,3N1BC1APXAL181472,Teal,93,17319.55,ttttt,uuuuu,vvvvv,wwwww,xxxxx,yyyyy,zzzzz
Toyota,Corolla,1995,WBA3B3C53FF811486,Yellow,34,33026.17,ttttt,uuuuu,vvvvv,wwwww,xxxxx,yyyyy,zzzzz
Chevrolet,Monza,1975,TRUWT28N621043757,Maroon,80,8988.83,ttttt,uuuuu,vvvvv,wwwww,xxxxx,yyyyy,zzzzz
Nissan,Murano,2011,3D73M4HL7AG819677,Violet,68,27330.29,ttttt,uuuuu,vvvvv,wwwww,xxxxx,yyyyy,zzzzz
Ford,Taurus,2006,SCBGR3ZA8DC077871,Pink,61,20017.63,ttttt,uuuuu,vvvvv,wwwww,xxxxx,yyyyy,zzzzz
Ford,E350,2012,WDDGF4HB9DR285041,Fuscia,34,16465.19,ttttt,uuuuu,vvvvv,wwwww,xxxxx,yyyyy,zzzzz
Chevrolet,Tracker,2004,SAJWA4GB8FL282855,Maroon,79,37743.42,ttttt,uuuuu,vvvvv,wwwww,xxxxx,yyyyy,zzzzz
Eagle,Talon,1995,1G4GB5GR4FF922539,Red,30,32741.79,ttttt,uuuuu,vvvvv,wwwww,xxxxx,yyyyy,zzzzz
Hyundai,Elantra,2013,1FTSW2A5XAE596572,Green,79,43782.56,ttttt,uuuuu,vvvvv,wwwww,xxxxx,yyyyy,zzzzz
Volkswagen,Cabriolet,1987,1G6DM1ED7B0526090,Pink,13,47437.58,ttttt,uuuuu,vvvvv,wwwww,xxxxx,yyyyy,zzzzz
Lexus,LS,1996,4A31K2DF0AE798090,Orange,86,15271.94,ttttt,uuuuu,vvvvv,wwwww,xxxxx,yyyyy,zzzzz
Cadillac,SRX,2004,2C4RDGCG3DR445650,Puce,29,45036.5,ttttt,uuuuu,vvvvv,wwwww,xxxxx,yyyyy,zzzzz
Dodge,Caravan,1998,WBA3R5C56EK293810,Orange,59,17357.6,ttttt,uuuuu,vvvvv,wwwww,xxxxx,yyyyy,zzzzz
Isuzu,Hombre Space,1999,3N1CN7AP9EK939833,Mauv,43,33221.38,ttttt,uuuuu,vvvvv,wwwww,xxxxx,yyyyy,zzzzz
Lexus,LS,1995,KNAGM4A75B5955191,Mauv,84,27987.14,ttttt,uuuuu,vvvvv,wwwww,xxxxx,yyyyy,zzzzz
Mazda,Protege,1996,1N6AA0CH3DN198226,Blue,84,15369.55,ttttt,uuuuu,vvvvv,wwwww,xxxxx,yyyyy,zzzzz
Mazda,RX-7,1987,1N6AF0KY6EN318119,Aquamarine,87,33601.17,ttttt,uuuuu,vvvvv,wwwww,xxxxx,yyyyy,zzzzz
Dodge,Grand Caravan,2011,1FT7W2A65EE677533,Blue,10,24610.74,ttttt,uuuuu,vvvvv,wwwww,xxxxx,yyyyy,zzzzz
Honda,Element,2005,WAUVC68E55A056739,Goldenrod,58,11028.18,ttttt,uuuuu,vvvvv,wwwww,xxxxx,yyyyy,zzzzz
Subaru,Impreza WRX,2010,WVWAP7ANXDE519407,Green,82,23451.7,ttttt,uuuuu,vvvvv,wwwww,xxxxx,yyyyy,zzzzz
Jeep,Grand Cherokee,2011,SCBLE37G36C645688,Crimson,71,27346.78,ttttt,uuuuu,vvvvv,wwwww,xxxxx,yyyyy,zzzzz
Toyota,Corolla,1996,WBAPK7G54BN763936,Puce,37,48647.82,ttttt,uuuuu,vvvvv,wwwww,xxxxx,yyyyy,zzzzz
Hummer,H2 SUT,2006,5N1CR2MM6EC825554,Red,70,7099.28,ttttt,uuuuu,vvvvv,wwwww,xxxxx,yyyyy,zzzzz
Suzuki,Swift,1995,3D73Y4EL1BG630596,Turquoise,55,19863.9,ttttt,uuuuu,vvvvv,wwwww,xxxxx,yyyyy,zzzzz
Audi,Q5,2012,19UUA65684A172373,Crimson,18,29859.71,ttttt,uuuuu,vvvvv,wwwww,xxxxx,yyyyy,zzzzz
Dodge,Shadow,1992,JM3TB2BA0E0511439,Indigo,55,36626.99,ttttt,uuuuu,vvvvv,wwwww,xxxxx,yyyyy,zzzzz
Oldsmobile,Bravada,2002,1FMJK1J56AE317129,Green,59,45472.76,ttttt,uuuuu,vvvvv,wwwww,xxxxx,yyyyy,zzzzz
Ford,Expedition,2012,3N1CN7AP4FL222090,Purple,32,32264.78,ttttt,uuuuu,vvvvv,wwwww,xxxxx,yyyyy,zzzzz
GMC,Suburban 1500,1996,1C3BC1FB8BN601312,Green,29,20274.66,ttttt,uuuuu,vvvvv,wwwww,xxxxx,yyyyy,zzzzz
Land Rover,Range Rover,1993,1C4NJCBA7FD806476,Violet,87,22368.54,ttttt,uuuuu,vvvvv,wwwww,xxxxx,yyyyy,zzzzz
Aston Martin,DB9,2010,WBAKE5C50DJ098314,Pink,3,9428.16,ttttt,uuuuu,vvvvv,wwwww,xxxxx,yyyyy,zzzzz
Audi,S4,2009,WBA3D3C54EF034096,Red,92,36824.25,ttttt,uuuuu,vvvvv,wwwww,xxxxx,yyyyy,zzzzz
Chrysler,Sebring,1996,KNAFK4A63E5830493,Purple,10,36030.46,ttttt,uuuuu,vvvvv,wwwww,xxxxx,yyyyy,zzzzz
Porsche,924 S,1987,WAUDV94F67N296707,Puce,1,45188.28,ttttt,uuuuu,vvvvv,wwwww,xxxxx,yyyyy,zzzzz
Land Rover,Freelander,2004,2G4WB52K531039249,Khaki,80,33990.5,ttttt,uuuuu,vvvvv,wwwww,xxxxx,yyyyy,zzzzz
Volvo,XC70,2006,1C3BCBFG4CN316061,Purple,75,21035.72,ttttt,uuuuu,vvvvv,wwwww,xxxxx,yyyyy,zzzzz
Chevrolet,Suburban 2500,1997,WAUAFAFH5BN196364,Mauv,19,44706.32,ttttt,uuuuu,vvvvv,wwwww,xxxxx,yyyyy,zzzzz
Lincoln,Navigator L,2011,1C4NJPBA2ED075963,Mauv,91,11690.45,ttttt,uuuuu,vvvvv,wwwww,xxxxx,yyyyy,zzzzz
Dodge,Neon,1996,19UUA8F23DA145296,Violet,78,32631.76,ttttt,uuuuu,vvvvv,wwwww,xxxxx,yyyyy,zzzzz
Ford,Mustang,2007,JTDKTUD31DD451948,Khaki,92,17887.77,ttttt,uuuuu,vvvvv,wwwww,xxxxx,yyyyy,zzzzz
Jaguar,S-Type,2007,WUAUUAFG0BN646549,Blue,15,48794.45,ttttt,uuuuu,vvvvv,wwwww,xxxxx,yyyyy,zzzzz
Dodge,Ram,2008,SCBGR3ZA9CC752271,Violet,38,34898.35,ttttt,uuuuu,vvvvv,wwwww,xxxxx,yyyyy,zzzzz
Ford,Probe,1996,3G5DB03EX2S025140,Blue,59,10054.25,ttttt,uuuuu,vvvvv,wwwww,xxxxx,yyyyy,zzzzz
Ford,F350,1993,WAULFAFRXAA591146,Crimson,70,33819.45,ttttt,uuuuu,vvvvv,wwwww,xxxxx,yyyyy,zzzzz
Infiniti,EX,2010,WAUK2AFD9FN255564,Turquoise,58,22766.03,ttttt,uuuuu,vvvvv,wwwww,xxxxx,yyyyy,zzzzz
Suzuki,Samurai,1995,1G6DL5EV1A0278405,Yellow,13,30761.37,ttttt,uuuuu,vvvvv,wwwww,xxxxx,yyyyy,zzzzz
Volvo,S90,1997,WVWED7AJXDW349700,Indigo,85,6708.96,ttttt,uuuuu,vvvvv,wwwww,xxxxx,yyyyy,zzzzz
GMC,Envoy,2006,19XFA1F36AE090651,Mauv,18,29261.54,ttttt,uuuuu,vvvvv,wwwww,xxxxx,yyyyy,zzzzz
Mercury,Mountaineer,2009,1FAHP3HN3AW373909,Violet,26,48911.01,ttttt,uuuuu,vvvvv,wwwww,xxxxx,yyyyy,zzzzz
Buick,Century,1994,WAUMF78P16A517236,Mauv,92,5039.22,ttttt,uuuuu,vvvvv,wwwww,xxxxx,yyyyy,zzzzz
Chevrolet,Suburban 1500,2001,YV4852CZ8B1699415,Puce,68,6325.33,ttttt,uuuuu,vvvvv,wwwww,xxxxx,yyyyy,zzzzz
Acura,Integra,2001,WDCYC3HF9CX649970,Maroon,42,14942.48,ttttt,uuuuu,vvvvv,wwwww,xxxxx,yyyyy,zzzzz
GMC,Suburban 1500,1997,1C3CDFCB6ED496329,Indigo,77,32947.62,ttttt,uuuuu,vvvvv,wwwww,xxxxx,yyyyy,zzzzz
Dodge,Ram Van B350,1993,WBA3K5C59EK519942,Fuscia,82,39687.84,ttttt,uuuuu,vvvvv,wwwww,xxxxx,yyyyy,zzzzz
Chevrolet,Avalanche 1500,2004,JH4CU2F41CC917375,Green,43,10577.25,ttttt,uuuuu,vvvvv,wwwww,xxxxx,yyyyy,zzzzz
Chevrolet,Cobalt,2005,JTDKTUD39ED620356,Turquoise,20,29795.43,ttttt,uuuuu,vvvvv,wwwww,xxxxx,yyyyy,zzzzz
Mercedes-Benz,S-Class,1995,1FTEX1CM4DK935292,Green,99,11571.22,ttttt,uuuuu,vvvvv,wwwww,xxxxx,yyyyy,zzzzz
MINI,Countryman,2012,JN1AZ4EH0AM564034,Pink,2,42893.49,ttttt,uuuuu,vvvvv,wwwww,xxxxx,yyyyy,zzzzz
Mercedes-Benz,GLK-Class,2011,WVGDP9BP2ED628326,Turquoise,60,40325.92,ttttt,uuuuu,vvvvv,wwwww,xxxxx,yyyyy,zzzzz
Dodge,Intrepid,1993,2T1BU4EE8DC270727,Aquamarine,57,18129.89,ttttt,uuuuu,vvvvv,wwwww,xxxxx,yyyyy,zzzzz
BMW,545,2005,1N4AB7AP3DN440747,Orange,49,43141.12,ttttt,uuuuu,vvvvv,wwwww,xxxxx,yyyyy,zzzzz
Ford,F-Series Super Duty,2010,KNADM4A36C6812424,Mauv,66,17739.36,ttttt,uuuuu,vvvvv,wwwww,xxxxx,yyyyy,zzzzz
Saab,09-Mar,2007,1YVHZ8BH9C5501903,Yellow,91,42170.87,ttttt,uuuuu,vvvvv,wwwww,xxxxx,yyyyy,zzzzz
Mitsubishi,Galant,1993,5N1AZ2MG9FN848267,Violet,75,34071.34,ttttt,uuuuu,vvvvv,wwwww,xxxxx,yyyyy,zzzzz
Honda,Accord,2002,WAUJC68E55A018085,Purple,62,14495.69,ttttt,uuuuu,vvvvv,wwwww,xxxxx,yyyyy,zzzzz
Ford,Probe,1992,WBABV13416J980322,Indigo,55,48778.83,ttttt,uuuuu,vvvvv,wwwww,xxxxx,yyyyy,zzzzz
Nissan,Quest,1999,1GD021EG9FZ077231,Goldenrod,58,36283.64,ttttt,uuuuu,vvvvv,wwwww,xxxxx,yyyyy,zzzzz
Buick,Riviera,1986,WBA5M0C51ED756466,Goldenrod,42,36528.6,ttttt,uuuuu,vvvvv,wwwww,xxxxx,yyyyy,zzzzz
Infiniti,G,2003,1FBNE3BL8DD378163,Puce,35,49573.19,ttttt,uuuuu,vvvvv,wwwww,xxxxx,yyyyy,zzzzz
Subaru,Forester,2006,3GYFNEEY2AS647432,Puce,33,31070.02,ttttt,uuuuu,vvvvv,wwwww,xxxxx,yyyyy,zzzzz
Chevrolet,Cavalier,1997,1G6AB5RA6E0485889,Khaki,90,15260.67,ttttt,uuuuu,vvvvv,wwwww,xxxxx,yyyyy,zzzzz
Volkswagen,Passat,2004,1NXBU4EE7AZ351776,Goldenrod,21,34889.61,ttttt,uuuuu,vvvvv,wwwww,xxxxx,yyyyy,zzzzz
Pontiac,6000,1987,1G6DM5EV7A0065794,Violet,73,36179.15,ttttt,uuuuu,vvvvv,wwwww,xxxxx,yyyyy,zzzzz
Mercedes-Benz,M-Class,2002,JH4CW2H63EC685907,Indigo,1,21183.84,ttttt,uuuuu,vvvvv,wwwww,xxxxx,yyyyy,zzzzz
Volkswagen,GTI,1987,1GKUCFDJ1AR761605,Aquamarine,51,39402.67,ttttt,uuuuu,vvvvv,wwwww,xxxxx,yyyyy,zzzzz
Infiniti,G,2000,2G61T5S33E9064386,Purple,75,11301.94,ttttt,uuuuu,vvvvv,wwwww,xxxxx,yyyyy,zzzzz
Chevrolet,Corvette,2009,1C4NJPBA4DD588629,Green,75,24603.84,ttttt,uuuuu,vvvvv,wwwww,xxxxx,yyyyy,zzzzz
Ford,Escape,2003,WBA3T1C5XFP426485,Turquoise,15,21818.92,ttttt,uuuuu,vvvvv,wwwww,xxxxx,yyyyy,zzzzz
Suzuki,SJ,1987,WBAWV135X7P181423,Mauv,3,49170.51,ttttt,uuuuu,vvvvv,wwwww,xxxxx,yyyyy,zzzzz
Chevrolet,Camaro,2011,WAUEH78E27A939207,Yellow,8,23867.2,ttttt,uuuuu,vvvvv,wwwww,xxxxx,yyyyy,zzzzz
Chevrolet,Tahoe,2005,3D73M3HL9AG962012,Mauv,67,11473.41,ttttt,uuuuu,vvvvv,wwwww,xxxxx,yyyyy,zzzzz
Chrysler,Sebring,2001,1FTSX2A58AE362332,Violet,79,37944.17,ttttt,uuuuu,vvvvv,wwwww,xxxxx,yyyyy,zzzzz
Toyota,Avalon,2000,WAUHE98P29A256509,Maroon,33,23314.7,ttttt,uuuuu,vvvvv,wwwww,xxxxx,yyyyy,zzzzz
Honda,Insight,2001,1C3CCBBB0DN991678,Fuscia,93,42790.26,ttttt,uuuuu,vvvvv,wwwww,xxxxx,yyyyy,zzzzz
Subaru,Impreza,2011,WVWGU7AN2AE574237,Violet,30,9972.95,ttttt,uuuuu,vvvvv,wwwww,xxxxx,yyyyy,zzzzz
Mitsubishi,Pajero,1984,1N6AF0LY9EN790488,Orange,30,34334.96,ttttt,uuuuu,vvvvv,wwwww,xxxxx,yyyyy,zzzzz
Toyota,Celica,1976,3C63DPAL7CG543761,Yellow,48,10641.8,ttttt,uuuuu,vvvvv,wwwww,xxxxx,yyyyy,zzzzz
Audi,Cabriolet,1995,5XYZG3AB9BG774913,Turquoise,94,44354.53,ttttt,uuuuu,vvvvv,wwwww,xxxxx,yyyyy,zzzzz
GMC,Savana 2500,2012,WVWED7AJ2BW032054,Pink,62,31983.23,ttttt,uuuuu,vvvvv,wwwww,xxxxx,yyyyy,zzzzz
Buick,Regal,2000,JN1CV6FE0BM206356,Yellow,2,14954.83,ttttt,uuuuu,vvvvv,wwwww,xxxxx,yyyyy,zzzzz
GMC,Sierra 1500,2012,5UXKR6C58E0166717,Aquamarine,48,14171.89,ttttt,uuuuu,vvvvv,wwwww,xxxxx,yyyyy,zzzzz
Pontiac,Grand Prix,1998,JH4DC53815S701051,Maroon,24,39390.04,ttttt,uuuuu,vvvvv,wwwww,xxxxx,yyyyy,zzzzz
Dodge,D350,1992,5TFCY5F17BX642308,Crimson,41,6895.29,ttttt,uuuuu,vvvvv,wwwww,xxxxx,yyyyy,zzzzz
Pontiac,LeMans,1988,WAUXF78K39A651333,Indigo,67,22146.08,ttttt,uuuuu,vvvvv,wwwww,xxxxx,yyyyy,zzzzz
Honda,Civic Si,2006,WBAPN7C52AA735670,Fuscia,76,31507.56,ttttt,uuuuu,vvvvv,wwwww,xxxxx,yyyyy,zzzzz
Isuzu,Rodeo,1999,19UUA9E55CA498056,Green,3,11830.07,ttttt,uuuuu,vvvvv,wwwww,xxxxx,yyyyy,zzzzz
Suzuki,Verona,2005,WAUCFAFR9FA658570,Mauv,12,17568.06,ttttt,uuuuu,vvvvv,wwwww,xxxxx,yyyyy,zzzzz
Suzuki,Kizashi,2012,WVGEG9BP2DD696189,Pink,8,47521.15,ttttt,uuuuu,vvvvv,wwwww,xxxxx,yyyyy,zzzzz
Mercury,Grand Marquis,2006,1N6AD0CU9EN936021,Green,60,43039.07,ttttt,uuuuu,vvvvv,wwwww,xxxxx,yyyyy,zzzzz
Volvo,S40,2011,JTDKN3DU8A0306955,Teal,66,6346.09,ttttt,uuuuu,vvvvv,wwwww,xxxxx,yyyyy,zzzzz
Ferrari,599 GTB Fiorano,2010,WAUFEAFM1CA392686,Violet,71,19002.2,ttttt,uuuuu,vvvvv,wwwww,xxxxx,yyyyy,zzzzz
GMC,Suburban 2500,1993,1FTSW2B51AE016186,Mauv,63,9894.67,ttttt,uuuuu,vvvvv,wwwww,xxxxx,yyyyy,zzzzz
Subaru,B9 Tribeca,2006,3C63D3EL8CG096571,Blue,96,12360.6,ttttt,uuuuu,vvvvv,wwwww,xxxxx,yyyyy,zzzzz
Land Rover,Range Rover,2011,1N4AL3AP4EC036083,Indigo,15,21032.46,ttttt,uuuuu,vvvvv,wwwww,xxxxx,yyyyy,zzzzz
Chrysler,Crossfire,2005,WAULC68EX4A541724,Khaki,47,28348.58,ttttt,uuuuu,vvvvv,wwwww,xxxxx,yyyyy,zzzzz
Buick,Park Avenue,2001,WAUCD64B24N629006,Puce,51,7333.63,ttttt,uuuuu,vvvvv,wwwww,xxxxx,yyyyy,zzzzz
Suzuki,XL-7,2003,WBAPL5C59BA747598,Purple,33,35059.89,ttttt,uuuuu,vvvvv,wwwww,xxxxx,yyyyy,zzzzz
Mercedes-Benz,E-Class,2006,1G6AJ1R35F0842543,Fuscia,62,45365.96,ttttt,uuuuu,vvvvv,wwwww,xxxxx,yyyyy,zzzzz
Pontiac,Torrent,2008,5GAKVBED4BJ044969,Violet,54,19769.88,ttttt,uuuuu,vvvvv,wwwww,xxxxx,yyyyy,zzzzz
Chevrolet,Express 3500,2003,KM8NU4CCXCU525583,Yellow,78,9167.18,ttttt,uuuuu,vvvvv,wwwww,xxxxx,yyyyy,zzzzz
Ford,Econoline E250,1998,WVWED7AJXDW216807,Orange,9,17789.59,ttttt,uuuuu,vvvvv,wwwww,xxxxx,yyyyy,zzzzz
Mitsubishi,Montero Sport,2001,WBANE53547B925629,Maroon,10,28064.51,ttttt,uuuuu,vvvvv,wwwww,xxxxx,yyyyy,zzzzz
Pontiac,Grand Am,1998,1G4HJ5EM1AU025570,Green,96,7559.09,ttttt,uuuuu,vvvvv,wwwww,xxxxx,yyyyy,zzzzz
Mitsubishi,Pajero,1997,5N1BA0ND5FN976042,Khaki,21,43760.55,ttttt,uuuuu,vvvvv,wwwww,xxxxx,yyyyy,zzzzz
BMW,M5,1992,WAU2GBFC9EN629913,Indigo,99,45459.61,ttttt,uuuuu,vvvvv,wwwww,xxxxx,yyyyy,zzzzz
Suzuki,Esteem,1996,1B3CB1HA1BD487300,Puce,31,35970.15,ttttt,uuuuu,vvvvv,wwwww,xxxxx,yyyyy,zzzzz
Ford,Ranger,2006,WBAFV3C56ED850331,Green,27,49989.55,ttttt,uuuuu,vvvvv,wwwww,xxxxx,yyyyy,zzzzz
Ford,Mustang,1980,JA4AP3AU6CZ809001,Puce,98,19795.6,ttttt,uuuuu,vvvvv,wwwww,xxxxx,yyyyy,zzzzz
Chevrolet,Tahoe,2009,1YVHZ8AH4A5614348,Crimson,43,42408.5,ttttt,uuuuu,vvvvv,wwwww,xxxxx,yyyyy,zzzzz
Chrysler,Sebring,1995,1G6DX6ED9B0867558,Indigo,37,26397.48,ttttt,uuuuu,vvvvv,wwwww,xxxxx,yyyyy,zzzzz
Chevrolet,Aveo,2006,KNADM4A30D6890182,Goldenrod,2,21132.48,ttttt,uuuuu,vvvvv,wwwww,xxxxx,yyyyy,zzzzz
GMC,Sonoma,2003,WAUBNAFB8BN499738,Indigo,96,31984.97,ttttt,uuuuu,vvvvv,wwwww,xxxxx,yyyyy,zzzzz
Pontiac,G6,2006,1G6DP5E34D0487581,Crimson,67,6972.85,ttttt,uuuuu,vvvvv,wwwww,xxxxx,yyyyy,zzzzz
Chevrolet,Suburban 2500,2008,WAUCFAFR5BA431614,Orange,10,11189.37,ttttt,uuuuu,vvvvv,wwwww,xxxxx,yyyyy,zzzzz
Lincoln,Continental Mark VII,1985,3GYFNEEY8BS020347,Purple,10,17010.09,ttttt,uuuuu,vvvvv,wwwww,xxxxx,yyyyy,zzzzz
Ford,Windstar,1999,WBALL5C54CE063731,Maroon,92,19018.16,ttttt,uuuuu,vvvvv,wwwww,xxxxx,yyyyy,zzzzz
Infiniti,Q,1999,1G4HF57908U979120,Puce,60,26455.54,ttttt,uuuuu,vvvvv,wwwww,xxxxx,yyyyy,zzzzz
Chevrolet,Suburban 2500,1997,2HKRM3H31CH993429,Green,70,7489.65,ttttt,uuuuu,vvvvv,wwwww,xxxxx,yyyyy,zzzzz
Mercedes-Benz,Sprinter,2011,JN1BJ0HR8DM873005,Orange,23,28716.19,ttttt,uuuuu,vvvvv,wwwww,xxxxx,yyyyy,zzzzz
Chevrolet,Silverado 2500,2012,KNDJT2A52C7813997,Purple,60,24286.12,ttttt,uuuuu,vvvvv,wwwww,xxxxx,yyyyy,zzzzz
Dodge,Ram Van 2500,2002,1N4CL2AP7BC605622,Violet,76,28734.12,ttttt,uuuuu,vvvvv,wwwww,xxxxx,yyyyy,zzzzz
Mercury,Grand Marquis,1993,19UYA42731A729365,Indigo,67,16178.39,ttttt,uuuuu,vvvvv,wwwww,xxxxx,yyyyy,zzzzz
Mazda,Miata MX-5,2006,1FMCU0C79CK255824,Pink,78,28911.03,ttttt,uuuuu,vvvvv,wwwww,xxxxx,yyyyy,zzzzz
Lexus,RX Hybrid,2008,1FBNE3BL2DD343831,Fuscia,19,5884.58,ttttt,uuuuu,vvvvv,wwwww,xxxxx,yyyyy,zzzzz
Lincoln,Mark VIII,1996,3N1AB7AP6FL231390,Orange,17,45055.99,ttttt,uuuuu,vvvvv,wwwww,xxxxx,yyyyy,zzzzz
Lincoln,Town Car,2009,JN8AE2KP1B9319907,Turquoise,99,36551.12,ttttt,uuuuu,vvvvv,wwwww,xxxxx,yyyyy,zzzzz
Hyundai,Sonata,2010,1G4HJ5EM4AU039625,Goldenrod,49,5793.95,ttttt,uuuuu,vvvvv,wwwww,xxxxx,yyyyy,zzzzz
Suzuki,Swift,1995,JTHHP5BC6F5045795,Purple,3,39707.79,ttttt,uuuuu,vvvvv,wwwww,xxxxx,yyyyy,zzzzz
Jeep,Cherokee,1998,SALVP2BGXEH989904,Crimson,54,15833.11,ttttt,uuuuu,vvvvv,wwwww,xxxxx,yyyyy,zzzzz
Pontiac,Grand Am,1985,1N6AA0CJ0EN473572,Aquamarine,81,10602.98,ttttt,uuuuu,vvvvv,wwwww,xxxxx,yyyyy,zzzzz
Volkswagen,GLI,2008,1G6AF5SX7E0658449,Turquoise,73,14990.86,ttttt,uuuuu,vvvvv,wwwww,xxxxx,yyyyy,zzzzz
Land Rover,Range Rover,2006,WBABD33425J275414,Blue,52,17615.26,ttttt,uuuuu,vvvvv,wwwww,xxxxx,yyyyy,zzzzz
Infiniti,EX,2012,WVGAV7AX1FW050398,Mauv,62,21310.3,ttttt,uuuuu,vvvvv,wwwww,xxxxx,yyyyy,zzzzz
Jeep,Grand Cherokee,2007,1G6DU6EV9A0630956,Khaki,24,8577.84,ttttt,uuuuu,vvvvv,wwwww,xxxxx,yyyyy,zzzzz
BMW,M6,2006,1FTWW3B58AE382878,Green,12,16239.17,ttttt,uuuuu,vvvvv,wwwww,xxxxx,yyyyy,zzzzz
Dodge,Spirit,1992,WVWAB7AJ7DW488106,Maroon,56,43914.12,ttttt,uuuuu,vvvvv,wwwww,xxxxx,yyyyy,zzzzz
BMW,6 Series,1989,3GYFNBE33ES531343,Teal,10,18926.93,ttttt,uuuuu,vvvvv,wwwww,xxxxx,yyyyy,zzzzz
Mercury,Sable,1987,2G4GT5GR0D9333569,Aquamarine,19,16319.94,ttttt,uuuuu,vvvvv,wwwww,xxxxx,yyyyy,zzzzz
Jaguar,XJ,2009,2G4GR5GX5E9806199,Pink,40,22367.99,ttttt,uuuuu,vvvvv,wwwww,xxxxx,yyyyy,zzzzz
Oldsmobile,Silhouette,1998,WAULT54B22N273571,Maroon,6,29224.55,ttttt,uuuuu,vvvvv,wwwww,xxxxx,yyyyy,zzzzz
Volkswagen,CC,2009,JM1CW2BL8E0383806,Pink,38,46046.01,ttttt,uuuuu,vvvvv,wwwww,xxxxx,yyyyy,zzzzz
Cadillac,CTS-V,2006,WBABN33402J204558,Turquoise,44,13640.73,ttttt,uuuuu,vvvvv,wwwww,xxxxx,yyyyy,zzzzz
Cadillac,Seville,1995,JN1AZ4EH6EM890233,Teal,47,47350.62,ttttt,uuuuu,vvvvv,wwwww,xxxxx,yyyyy,zzzzz
Toyota,Prius,2012,1D4PU4GK3BW381427,Violet,24,40683.5,ttttt,uuuuu,vvvvv,wwwww,xxxxx,yyyyy,zzzzz
Chevrolet,Uplander,2005,2LMDJ6JK0EB193922,Turquoise,18,38515.37,ttttt,uuuuu,vvvvv,wwwww,xxxxx,yyyyy,zzzzz
Infiniti,G35,2007,WAUSFAFL0CA827278,Crimson,21,36703.35,ttttt,uuuuu,vvvvv,wwwww,xxxxx,yyyyy,zzzzz
GMC,Envoy,1998,JN8AF5MR7CT166726,Pink,26,42368.31,ttttt,uuuuu,vvvvv,wwwww,xxxxx,yyyyy,zzzzz
Ford,Econoline E350,1994,WAULD54B14N642761,Puce,17,35426.3,ttttt,uuuuu,vvvvv,wwwww,xxxxx,yyyyy,zzzzz
Ford,Bronco II,1990,2G4GU5GX2E9423576,Pink,3,15090.13,ttttt,uuuuu,vvvvv,wwwww,xxxxx,yyyyy,zzzzz
Mazda,MX-5,2001,WAULT68E24A363811,Violet,52,32247,ttttt,uuuuu,vvvvv,wwwww,xxxxx,yyyyy,zzzzz
Mazda,Tribute,2004,WA1DKAFP6CA819271,Red,84,21378.27,ttttt,uuuuu,vvvvv,wwwww,xxxxx,yyyyy,zzzzz
Hyundai,Tiburon,1998,WAULT68E83A748532,Goldenrod,24,27157.64,ttttt,uuuuu,vvvvv,wwwww,xxxxx,yyyyy,zzzzz
Mercury,Milan,2009,WAULFAFR1EA192065,Indigo,2,42558.74,ttttt,uuuuu,vvvvv,wwwww,xxxxx,yyyyy,zzzzz
Dodge,Caravan,2003,19UUA9E59DA275892,Puce,64,41134.27,ttttt,uuuuu,vvvvv,wwwww,xxxxx,yyyyy,zzzzz
Mercedes-Benz,SL-Class,1986,JM1NC2LF7D0361806,Goldenrod,44,43973.08,ttttt,uuuuu,vvvvv,wwwww,xxxxx,yyyyy,zzzzz
Chevrolet,Avalanche 2500,2003,WAUBFAFL0EN832864,Yellow,95,46128.48,ttttt,uuuuu,vvvvv,wwwww,xxxxx,yyyyy,zzzzz
Buick,Coachbuilder,1994,WAUSF78EX6A075112,Puce,39,44640.4,ttttt,uuuuu,vvvvv,wwwww,xxxxx,yyyyy,zzzzz
Jaguar,XJ Series,2001,JN8AS5MT8BW089756,Puce,90,14731.03,ttttt,uuuuu,vvvvv,wwwww,xxxxx,yyyyy,zzzzz
Chevrolet,Silverado,2002,WBA3N7C50EK760968,Teal,35,24120.73,ttttt,uuuuu,vvvvv,wwwww,xxxxx,yyyyy,zzzzz
Ford,Aerostar,1995,1FTMF1EW3AK665920,Green,42,11303.92,ttttt,uuuuu,vvvvv,wwwww,xxxxx,yyyyy,zzzzz
GMC,Savana 1500,2009,SALWR2TF2FA433925,Maroon,18,11085.87,ttttt,uuuuu,vvvvv,wwwww,xxxxx,yyyyy,zzzzz
Dodge,Intrepid,2004,3C63D2CL0CG481121,Blue,51,49163.39,ttttt,uuuuu,vvvvv,wwwww,xxxxx,yyyyy,zzzzz
BMW,760,2003,3G5DB03E84S397787,Khaki,90,29243.27,ttttt,uuuuu,vvvvv,wwwww,xxxxx,yyyyy,zzzzz
Pontiac,Vibe,2003,5J6TF1H32EL347295,Red,28,27070.82,ttttt,uuuuu,vvvvv,wwwww,xxxxx,yyyyy,zzzzz
Mercury,Sable,1998,1FMJK1G53DE194644,Blue,69,19675.83,ttttt,uuuuu,vvvvv,wwwww,xxxxx,yyyyy,zzzzz
Lincoln,MKX,2013,WA1EV94L87D575010,Crimson,14,43042.55,ttttt,uuuuu,vvvvv,wwwww,xxxxx,yyyyy,zzzzz
Rolls-Royce,Phantom,2013,1N4AA5APXDC275685,Orange,28,48452.71,ttttt,uuuuu,vvvvv,wwwww,xxxxx,yyyyy,zzzzz
Pontiac,Grand Am,1988,1FTSW2B57AE213346,Green,26,11515.63,ttttt,uuuuu,vvvvv,wwwww,xxxxx,yyyyy,zzzzz
Toyota,Tundra,2012,1G6DJ577580436968,Puce,5,43659.44,ttttt,uuuuu,vvvvv,wwwww,xxxxx,yyyyy,zzzzz
Chevrolet,TrailBlazer,2008,1N6AA0CJ6FN978615,Mauv,39,13629.42,ttttt,uuuuu,vvvvv,wwwww,xxxxx,yyyyy,zzzzz
Mitsubishi,Galant,2001,2T1BU4EE9DC469365,Violet,92,44105.48,ttttt,uuuuu,vvvvv,wwwww,xxxxx,yyyyy,zzzzz
Chevrolet,Tahoe,1995,2C4RDGBG9FR488927,Red,28,48773.98,ttttt,uuuuu,vvvvv,wwwww,xxxxx,yyyyy,zzzzz
Aston Martin,V8 Vantage,2006,WVGEP9BP2FD071598,Khaki,33,32730.1,ttttt,uuuuu,vvvvv,wwwww,xxxxx,yyyyy,zzzzz
Cadillac,DTS,2009,WVGEG9BP0CD893084,Khaki,60,47728.44,ttttt,uuuuu,vvvvv,wwwww,xxxxx,yyyyy,zzzzz
Ford,Bronco,1985,TRUUT28N441951716,Orange,29,12129.97,ttttt,uuuuu,vvvvv,wwwww,xxxxx,yyyyy,zzzzz
Ford,F-Series,1985,WVWAB7AJXDW120115,Indigo,5,30453.68,ttttt,uuuuu,vvvvv,wwwww,xxxxx,yyyyy,zzzzz
Ford,F250,2001,WAUFMAFC5FN381150,Blue,51,49069.43,ttttt,uuuuu,vvvvv,wwwww,xxxxx,yyyyy,zzzzz
Hyundai,Accent,1999,JN1AZ4EH9BM626810,Mauv,71,21369.25,ttttt,uuuuu,vvvvv,wwwww,xxxxx,yyyyy,zzzzz
Volvo,960,1992,WVGAV7AX1AW610574,Puce,30,43721.25,ttttt,uuuuu,vvvvv,wwwww,xxxxx,yyyyy,zzzzz
Volkswagen,Jetta,2008,1HGCP2E78AA968306,Maroon,10,49209.03,ttttt,uuuuu,vvvvv,wwwww,xxxxx,yyyyy,zzzzz
Kia,Optima,2007,WBAFZ9C51DC223483,Fuscia,88,17366.03,ttttt,uuuuu,vvvvv,wwwww,xxxxx,yyyyy,zzzzz
Mazda,B-Series Plus,2002,3N1BC1AP7BL398284,Violet,65,27862.8,ttttt,uuuuu,vvvvv,wwwww,xxxxx,yyyyy,zzzzz
GMC,2500 Club Coupe,1997,WBA3V5C52EJ721387,Crimson,26,9886.97,ttttt,uuuuu,vvvvv,wwwww,xxxxx,yyyyy,zzzzz
Hyundai,Genesis,2010,19UUA56892A302877,Violet,62,26365.94,ttttt,uuuuu,vvvvv,wwwww,xxxxx,yyyyy,zzzzz
Subaru,B9 Tribeca,2007,1G4GC5GG5AF622836,Aquamarine,38,15851.34,ttttt,uuuuu,vvvvv,wwwww,xxxxx,yyyyy,zzzzz
Saturn,Sky,2008,5GADT13S672107288,Teal,86,9184.55,ttttt,uuuuu,vvvvv,wwwww,xxxxx,yyyyy,zzzzz
Lexus,ES,1998,1G4GE5G3XEF395219,Turquoise,18,5894.95,ttttt,uuuuu,vvvvv,wwwww,xxxxx,yyyyy,zzzzz
Ford,Probe,1995,1N6AA0CC0BN760147,Puce,89,38993.02,ttttt,uuuuu,vvvvv,wwwww,xxxxx,yyyyy,zzzzz
BMW,3 Series,2004,WBADT43462G994000,Violet,8,35474.87,ttttt,uuuuu,vvvvv,wwwww,xxxxx,yyyyy,zzzzz
GMC,Yukon XL 2500,2004,2HNYD28218H520637,Turquoise,14,28725.51,ttttt,uuuuu,vvvvv,wwwww,xxxxx,yyyyy,zzzzz
Buick,Park Avenue,1992,5UXZV4C57BL150078,Turquoise,25,26567.59,ttttt,uuuuu,vvvvv,wwwww,xxxxx,yyyyy,zzzzz
Mercury,Tracer,1999,JTDJTUD34DD864992,Goldenrod,44,26800.14,ttttt,uuuuu,vvvvv,wwwww,xxxxx,yyyyy,zzzzz
Cadillac,Fleetwood,1993,TRUDD38J191444909,Aquamarine,64,31812.54,ttttt,uuuuu,vvvvv,wwwww,xxxxx,yyyyy,zzzzz
Porsche,911,1988,WAUNF98P46A947956,Fuscia,10,35380.92,ttttt,uuuuu,vvvvv,wwwww,xxxxx,yyyyy,zzzzz
Kia,Sedona,2009,WBSBR93476P567378,Aquamarine,28,31785.83,ttttt,uuuuu,vvvvv,wwwww,xxxxx,yyyyy,zzzzz
Dodge,Dakota Club,2003,1N6AA0CA2DN135251,Puce,32,24866.87,ttttt,uuuuu,vvvvv,wwwww,xxxxx,yyyyy,zzzzz
Porsche,968,1994,JM1CW2CL3F0021933,Mauv,64,9060.89,ttttt,uuuuu,vvvvv,wwwww,xxxxx,yyyyy,zzzzz
GMC,Envoy,1999,2FMHK6CC1AB843431,Khaki,52,40492.59,ttttt,uuuuu,vvvvv,wwwww,xxxxx,yyyyy,zzzzz
Lamborghini,Diablo,1993,JTJBC1BA4B2626991,Blue,18,22411.76,ttttt,uuuuu,vvvvv,wwwww,xxxxx,yyyyy,zzzzz
Porsche,928,1991,3D7TT2CTXBG986017,Violet,47,20508.45,ttttt,uuuuu,vvvvv,wwwww,xxxxx,yyyyy,zzzzz
Chevrolet,Cobalt SS,2009,WAUEH78E28A103544,Indigo,5,42161.29,ttttt,uuuuu,vvvvv,wwwww,xxxxx,yyyyy,zzzzz
Ford,Thunderbird,1965,1FMJU1K55AE850551,Goldenrod,52,46166.91,ttttt,uuuuu,vvvvv,wwwww,xxxxx,yyyyy,zzzzz
Mazda,B-Series,1987,5N1AR1NB7BC117310,Mauv,18,17350,ttttt,uuuuu,vvvvv,wwwww,xxxxx,yyyyy,zzzzz
Kia,Soul,2012,WP0AA2A88FK525094,Crimson,4,28307.36,ttttt,uuuuu,vvvvv,wwwww,xxxxx,yyyyy,zzzzz
Mercedes-Benz,SL-Class,1999,WAUJT68E54A251897,Goldenrod,90,36756.81,ttttt,uuuuu,vvvvv,wwwww,xxxxx,yyyyy,zzzzz
Chevrolet,Express 2500,2009,WVWAN7ANXDE857685,Teal,16,38519.74,ttttt,uuuuu,vvvvv,wwwww,xxxxx,yyyyy,zzzzz
Jeep,Wrangler,1999,3C3CFFHH7ET465897,Turquoise,42,24525.58,ttttt,uuuuu,vvvvv,wwwww,xxxxx,yyyyy,zzzzz
Pontiac,Solstice,2006,1N6AF0LXXFN844664,Blue,10,19095.96,ttttt,uuuuu,vvvvv,wwwww,xxxxx,yyyyy,zzzzz
BMW,3 Series,2008,WAUJC58E53A379842,Khaki,42,28095.2,ttttt,uuuuu,vvvvv,wwwww,xxxxx,yyyyy,zzzzz
Kia,Sorento,2008,1G6D05EG8A0314455,Crimson,75,5796.9,ttttt,uuuuu,vvvvv,wwwww,xxxxx,yyyyy,zzzzz
Kia,Sportage,2009,TRUSC28N621932508,Teal,18,8347.56,ttttt,uuuuu,vvvvv,wwwww,xxxxx,yyyyy,zzzzz
Chevrolet,Express 2500,2011,WAUMGBFL6DA300424,Green,8,38809.84,ttttt,uuuuu,vvvvv,wwwww,xxxxx,yyyyy,zzzzz
Subaru,Forester,1998,YV126MFB7F2971365,Fuscia,77,9129.69,ttttt,uuuuu,vvvvv,wwwww,xxxxx,yyyyy,zzzzz
Lamborghini,Diablo,1995,5J8TB4H31GL454880,Pink,39,32683.11,ttttt,uuuuu,vvvvv,wwwww,xxxxx,yyyyy,zzzzz
BMW,X6 M,2012,2C4RDGEGXER195709,Yellow,30,27172.79,ttttt,uuuuu,vvvvv,wwwww,xxxxx,yyyyy,zzzzz
MINI,Cooper Countryman,2011,WA1C8BFP9DA540950,Fuscia,77,28103.84,ttttt,uuuuu,vvvvv,wwwww,xxxxx,yyyyy,zzzzz
Toyota,Previa,1994,WAUYP64B21N962072,Teal,54,35960.89,ttttt,uuuuu,vvvvv,wwwww,xxxxx,yyyyy,zzzzz
Land Rover,Range Rover,2001,3D73M3HL0BG060513,Green,57,35760.67,ttttt,uuuuu,vvvvv,wwwww,xxxxx,yyyyy,zzzzz
Isuzu,Trooper,1998,4JGCB2FE5BA018816,Orange,86,31014.26,ttttt,uuuuu,vvvvv,wwwww,xxxxx,yyyyy,zzzzz
Ford,Tempo,1988,3N1AB6AP8AL554665,Crimson,96,37796.19,ttttt,uuuuu,vvvvv,wwwww,xxxxx,yyyyy,zzzzz
Chevrolet,Venture,2004,WBAEN33475E096143,Green,18,15858.92,ttttt,uuuuu,vvvvv,wwwww,xxxxx,yyyyy,zzzzz
Jaguar,XJ Series,2001,JTHBK1GG0F2800322,Crimson,50,41961.38,ttttt,uuuuu,vvvvv,wwwww,xxxxx,yyyyy,zzzzz
Pontiac,Solstice,2006,WAUBF78E78A064829,Maroon,39,15914.46,ttttt,uuuuu,vvvvv,wwwww,xxxxx,yyyyy,zzzzz
Land Rover,Discovery,2000,5BZBF0AA6FN468213,Orange,13,42247.67,ttttt,uuuuu,vvvvv,wwwww,xxxxx,yyyyy,zzzzz
Subaru,Alcyone SVX,1993,5UXFA93574L117516,Puce,13,15423.98,ttttt,uuuuu,vvvvv,wwwww,xxxxx,yyyyy,zzzzz
Chevrolet,Cavalier,2005,1G4GJ5E3XCF255229,Goldenrod,38,24837.15,ttttt,uuuuu,vvvvv,wwwww,xxxxx,yyyyy,zzzzz
Mazda,MX-5,1997,1FTNF2B55AE787294,Indigo,89,37194.47,ttttt,uuuuu,vvvvv,wwwww,xxxxx,yyyyy,zzzzz
Toyota,Corolla,2012,KMHHT6KD0CU329755,Mauv,78,25956.28,ttttt,uuuuu,vvvvv,wwwww,xxxxx,yyyyy,zzzzz
Chevrolet,HHR,2008,19UUA8F51DA521133,Yellow,75,24874.45,ttttt,uuuuu,vvvvv,wwwww,xxxxx,yyyyy,zzzzz
Chevrolet,Avalanche,2006,WAUKH98E96A384110,Red,65,38401.42,ttttt,uuuuu,vvvvv,wwwww,xxxxx,yyyyy,zzzzz
Infiniti,IPL G,2011,5TFCW5F12BX300559,Orange,54,22230.83,ttttt,uuuuu,vvvvv,wwwww,xxxxx,yyyyy,zzzzz
Plymouth,Grand Voyager,1992,WAUKFAFL1CN281485,Orange,97,22545.87,ttttt,uuuuu,vvvvv,wwwww,xxxxx,yyyyy,zzzzz
Volkswagen,CC,2012,WDCGG0EB2EG879014,Khaki,27,31289.53,ttttt,uuuuu,vvvvv,wwwww,xxxxx,yyyyy,zzzzz
Ford,F250,1999,1FBNE3BL5AD555229,Mauv,72,39736.83,ttttt,uuuuu,vvvvv,wwwww,xxxxx,yyyyy,zzzzz
Ford,Taurus,2000,SCFBF03B97G579805,Violet,78,46340.02,ttttt,uuuuu,vvvvv,wwwww,xxxxx,yyyyy,zzzzz
Cadillac,Escalade EXT,2003,KL4CJDSB8DB880482,Crimson,7,8540.24,ttttt,uuuuu,vvvvv,wwwww,xxxxx,yyyyy,zzzzz
Maserati,430,1990,KNAGM4AD0D5894244,Green,90,11633.93,ttttt,uuuuu,vvvvv,wwwww,xxxxx,yyyyy,zzzzz
Mitsubishi,Galant,1993,3C63D3EL0CG221725,Mauv,1,26844.37,ttttt,uuuuu,vvvvv,wwwww,xxxxx,yyyyy,zzzzz
Cadillac,Escalade EXT,2008,3GTU2YEJ4CG603917,Turquoise,21,23026.27,ttttt,uuuuu,vvvvv,wwwww,xxxxx,yyyyy,zzzzz
Aston Martin,DBS,2011,WBA5B1C53ED172890,Khaki,58,47110.67,ttttt,uuuuu,vvvvv,wwwww,xxxxx,yyyyy,zzzzz
Toyota,Sienna,2012,1FTWW3B51AE008385,Indigo,79,28559.98,ttttt,uuuuu,vvvvv,wwwww,xxxxx,yyyyy,zzzzz
Cadillac,DTS,2007,KMHCM3ACXBU147428,Red,18,19351.45,ttttt,uuuuu,vvvvv,wwwww,xxxxx,yyyyy,zzzzz
Mitsubishi,Raider,2008,WA1VGAFP4EA848891,Khaki,92,48929.63,ttttt,uuuuu,vvvvv,wwwww,xxxxx,yyyyy,zzzzz
Audi,80,1990,WBA3T3C50EP346218,Violet,81,7875.16,ttttt,uuuuu,vvvvv,wwwww,xxxxx,yyyyy,zzzzz
Mercury,Marquis,1985,4A31K2DF9CE769903,Orange,88,30657.78,ttttt,uuuuu,vvvvv,wwwww,xxxxx,yyyyy,zzzzz
Audi,A3,2008,1HGCP2E32AA984742,Pink,67,11251.84,ttttt,uuuuu,vvvvv,wwwww,xxxxx,yyyyy,zzzzz
Cadillac,Catera,2001,3VW1K7AJ7FM333622,Indigo,79,17492.47,ttttt,uuuuu,vvvvv,wwwww,xxxxx,yyyyy,zzzzz
Porsche,Cayman,2011,WAUKG58E25A247603,Fuscia,85,36989.28,ttttt,uuuuu,vvvvv,wwwww,xxxxx,yyyyy,zzzzz
Audi,Allroad,2002,WVGFF9BP2BD799021,Teal,100,47842.52,ttttt,uuuuu,vvvvv,wwwww,xxxxx,yyyyy,zzzzz
Audi,A6,1999,SCBDC3ZA9DC276349,Crimson,1,26363.22,ttttt,uuuuu,vvvvv,wwwww,xxxxx,yyyyy,zzzzz
GMC,Savana 3500,2002,1GYFC23259R518277,Mauv,21,29921.85,ttttt,uuuuu,vvvvv,wwwww,xxxxx,yyyyy,zzzzz
Bentley,Continental Flying Spur,2011,1C4RDJEG7FC327297,Green,16,31716.75,ttttt,uuuuu,vvvvv,wwwww,xxxxx,yyyyy,zzzzz
Porsche,911,1985,1N6AD0CU8BC829050,Crimson,75,19768.58,ttttt,uuuuu,vvvvv,wwwww,xxxxx,yyyyy,zzzzz
Ford,Fusion,2010,JN8AZ1MU9DW011096,Violet,41,34896.64,ttttt,uuuuu,vvvvv,wwwww,xxxxx,yyyyy,zzzzz
BMW,Z4,2005,1G6KF54905U837394,Blue,88,9794.21,ttttt,uuuuu,vvvvv,wwwww,xxxxx,yyyyy,zzzzz
Mitsubishi,Expo,1993,WAUPL68E55A443073,Orange,63,27946.87,ttttt,uuuuu,vvvvv,wwwww,xxxxx,yyyyy,zzzzz
Lexus,LFA,2012,1C4SDJCT6EC223058,Puce,64,41877.73,ttttt,uuuuu,vvvvv,wwwww,xxxxx,yyyyy,zzzzz
Mazda,Mazda6,2011,WBAYP1C52FD610699,Turquoise,95,48241.76,ttttt,uuuuu,vvvvv,wwwww,xxxxx,yyyyy,zzzzz
Chevrolet,Impala,2005,1G6KD57YX5U580785,Red,90,16336.08,ttttt,uuuuu,vvvvv,wwwww,xxxxx,yyyyy,zzzzz
Kia,Sedona,2005,3D4PG6FV5AT969381,Indigo,93,24857.49,ttttt,uuuuu,vvvvv,wwwww,xxxxx,yyyyy,zzzzz
BMW,X5,2010,1C3CDFBA6DD295425,Red,18,14385.13,ttttt,uuuuu,vvvvv,wwwww,xxxxx,yyyyy,zzzzz
Dodge,Ram 2500,2006,3G5DB03E94S329059,Indigo,90,30504.88,ttttt,uuuuu,vvvvv,wwwww,xxxxx,yyyyy,zzzzz
BMW,600,1957,3D73Y4HL0AG039489,Orange,66,38928.98,ttttt,uuuuu,vvvvv,wwwww,xxxxx,yyyyy,zzzzz
Dodge,Ram 2500,2010,3C6JD6BP0CG896667,Violet,63,43193.31,ttttt,uuuuu,vvvvv,wwwww,xxxxx,yyyyy,zzzzz
Ford,EXP,1984,5XYZT3LB2FG779613,Red,7,6532.49,ttttt,uuuuu,vvvvv,wwwww,xxxxx,yyyyy,zzzzz
Honda,CR-X,1984,1FAHP3HN6AW822628,Aquamarine,29,35280.18,ttttt,uuuuu,vvvvv,wwwww,xxxxx,yyyyy,zzzzz
Pontiac,Parisienne,1984,JH4DC53865S113341,Maroon,6,21855.61,ttttt,uuuuu,vvvvv,wwwww,xxxxx,yyyyy,zzzzz
GMC,Savana 2500,1996,JHMZE2H36CS248781,Mauv,78,24655.67,ttttt,uuuuu,vvvvv,wwwww,xxxxx,yyyyy,zzzzz
Mazda,Protege5,2002,2G4GS5GX9F9573028,Purple,82,39634.91,ttttt,uuuuu,vvvvv,wwwww,xxxxx,yyyyy,zzzzz
Volvo,V70,2008,2GKALMEK7E6276501,Violet,14,36815.65,ttttt,uuuuu,vvvvv,wwwww,xxxxx,yyyyy,zzzzz
Chevrolet,Express 2500,2005,WP0AA2A84CS329634,Pink,12,10097.6,ttttt,uuuuu,vvvvv,wwwww,xxxxx,yyyyy,zzzzz
Toyota,RAV4,2010,5GAKRBKD5EJ550338,Violet,12,45015.02,ttttt,uuuuu,vvvvv,wwwww,xxxxx,yyyyy,zzzzz
Subaru,Leone,1989,3N1CN7AP8FL379136,Orange,83,17190.41,ttttt,uuuuu,vvvvv,wwwww,xxxxx,yyyyy,zzzzz
BMW,Z8,2003,WBAEN33423E930722,Red,94,40856.63,ttttt,uuuuu,vvvvv,wwwww,xxxxx,yyyyy,zzzzz
Rolls-Royce,Phantom,2006,WAUEF98E58A781190,Puce,83,46060.8,ttttt,uuuuu,vvvvv,wwwww,xxxxx,yyyyy,zzzzz
Honda,Accord,2002,JH4DC538X4S478734,Red,42,47072.84,ttttt,uuuuu,vvvvv,wwwww,xxxxx,yyyyy,zzzzz
Acura,RDX,2007,JH4CU2F6XEC252254,Blue,36,15707.39,ttttt,uuuuu,vvvvv,wwwww,xxxxx,yyyyy,zzzzz
Audi,A4,1997,SCFAD01A95G092872,Puce,25,47662.68,ttttt,uuuuu,vvvvv,wwwww,xxxxx,yyyyy,zzzzz
Maserati,Quattroporte,1985,5GAKVDKD2DJ939122,Purple,70,40469.99,ttttt,uuuuu,vvvvv,wwwww,xxxxx,yyyyy,zzzzz
Mercedes-Benz,W201,1985,JHMZF1D42FS747197,Goldenrod,41,25837.84,ttttt,uuuuu,vvvvv,wwwww,xxxxx,yyyyy,zzzzz
Toyota,Land Cruiser,2001,2G4GS5EV0D9740987,Violet,2,24947.39,ttttt,uuuuu,vvvvv,wwwww,xxxxx,yyyyy,zzzzz
Subaru,Outback,2003,WBAPK7C53BA352914,Pink,5,49530.04,ttttt,uuuuu,vvvvv,wwwww,xxxxx,yyyyy,zzzzz
Aston Martin,DB9,2008,3C63DPJL0CG066414,Teal,52,49239.51,ttttt,uuuuu,vvvvv,wwwww,xxxxx,yyyyy,zzzzz
Nissan,Quest,2005,5UXFF03579L761425,Puce,30,15007.52,ttttt,uuuuu,vvvvv,wwwww,xxxxx,yyyyy,zzzzz
Subaru,Outback,2003,1FMJK1H56BE508878,Red,38,44080.38,ttttt,uuuuu,vvvvv,wwwww,xxxxx,yyyyy,zzzzz
Volkswagen,Golf,1997,1GYFK23249R205563,Orange,12,9077.7,ttttt,uuuuu,vvvvv,wwwww,xxxxx,yyyyy,zzzzz
Pontiac,Firefly,1987,1GYS4MKJ1FR822380,Green,61,7615.86,ttttt,uuuuu,vvvvv,wwwww,xxxxx,yyyyy,zzzzz
GMC,Suburban 1500,1993,WVWED7AJXCW345368,Yellow,88,24161.56,ttttt,uuuuu,vvvvv,wwwww,xxxxx,yyyyy,zzzzz
Mazda,MX-5,1995,1G6DJ1E38D0935590,Green,40,7538.14,ttttt,uuuuu,vvvvv,wwwww,xxxxx,yyyyy,zzzzz
Volkswagen,New Beetle,2006,2LMHJ5AT8CB289234,Khaki,74,41966.25,ttttt,uuuuu,vvvvv,wwwww,xxxxx,yyyyy,zzzzz
Lincoln,Town Car,1999,1HGCP2F3XBA480939,Fuscia,91,29890.34,ttttt,uuuuu,vvvvv,wwwww,xxxxx,yyyyy,zzzzz
Toyota,Camry,2008,WAUSH78E98A735864,Fuscia,80,12853.9,ttttt,uuuuu,vvvvv,wwwww,xxxxx,yyyyy,zzzzz
Saab,09-May,1999,3D7JB1EP8AG267044,Green,45,8192.95,ttttt,uuuuu,vvvvv,wwwww,xxxxx,yyyyy,zzzzz
Volvo,XC70,2005,1N4AL2AP0BC538949,Crimson,39,22690.26,ttttt,uuuuu,vvvvv,wwwww,xxxxx,yyyyy,zzzzz
Dodge,Ram Wagon B250,1994,1G6DN57P290906864,Violet,69,36970.36,ttttt,uuuuu,vvvvv,wwwww,xxxxx,yyyyy,zzzzz
Honda,Accord,2003,1N6AA0EC2DN213171,Blue,71,40506.85,ttttt,uuuuu,vvvvv,wwwww,xxxxx,yyyyy,zzzzz
Mazda,MX-6,1988,JTDKN3DU6F0579691,Khaki,5,13580.97,ttttt,uuuuu,vvvvv,wwwww,xxxxx,yyyyy,zzzzz
Volkswagen,Eos,2010,2HNYD28318H050117,Turquoise,54,34570.13,ttttt,uuuuu,vvvvv,wwwww,xxxxx,yyyyy,zzzzz
Aston Martin,DB9,2009,1N4AL3AP4DC192770,Green,41,6728.85,ttttt,uuuuu,vvvvv,wwwww,xxxxx,yyyyy,zzzzz
Pontiac,Bonneville,1992,WBA3C3C50EK223631,Blue,21,33447.62,ttttt,uuuuu,vvvvv,wwwww,xxxxx,yyyyy,zzzzz
Ford,Crown Victoria,2000,19XFB4F23FE059063,Green,52,6411.95,ttttt,uuuuu,vvvvv,wwwww,xxxxx,yyyyy,zzzzz
Volkswagen,Golf,1988,1NXBU4EE9AZ769921,Teal,33,20395.91,ttttt,uuuuu,vvvvv,wwwww,xxxxx,yyyyy,zzzzz
Nissan,Quest,2006,WA1WYBFE7AD788524,Green,83,42125.57,ttttt,uuuuu,vvvvv,wwwww,xxxxx,yyyyy,zzzzz
Acura,RL,2008,1FTSW3B59AE227853,Aquamarine,47,32169.5,ttttt,uuuuu,vvvvv,wwwww,xxxxx,yyyyy,zzzzz
Volkswagen,Passat,1992,1G6KD57Y69U219866,Yellow,74,22441.93,ttttt,uuuuu,vvvvv,wwwww,xxxxx,yyyyy,zzzzz
Ford,Windstar,2001,19UUB2F38FA597962,Aquamarine,19,8268.67,ttttt,uuuuu,vvvvv,wwwww,xxxxx,yyyyy,zzzzz
Ford,Escort,1995,1G4GA5EC7BF757419,Fuscia,58,37086.14,ttttt,uuuuu,vvvvv,wwwww,xxxxx,yyyyy,zzzzz
Buick,Roadmaster,1995,TRUDD38J391951780,Khaki,53,41753.51,ttttt,uuuuu,vvvvv,wwwww,xxxxx,yyyyy,zzzzz
Subaru,SVX,1994,1FMHK7B88BG443931,Pink,78,26267.68,ttttt,uuuuu,vvvvv,wwwww,xxxxx,yyyyy,zzzzz
Jeep,Comanche,1992,WBANA73524B997819,Red,77,47411.66,ttttt,uuuuu,vvvvv,wwwww,xxxxx,yyyyy,zzzzz
Kia,Rio,2008,1GYS3EEJ9BR313801,Red,39,26822.48,ttttt,uuuuu,vvvvv,wwwww,xxxxx,yyyyy,zzzzz
Infiniti,G37,2008,JN8AE2KPXD9101306,Indigo,74,21774.16,ttttt,uuuuu,vvvvv,wwwww,xxxxx,yyyyy,zzzzz
Toyota,Sienna,2004,WBAUC7C57AV628664,Violet,63,10509.93,ttttt,uuuuu,vvvvv,wwwww,xxxxx,yyyyy,zzzzz
Audi,Q5,2011,2HNYD18202H395227,Red,2,10957.65,ttttt,uuuuu,vvvvv,wwwww,xxxxx,yyyyy,zzzzz
BMW,M3,1996,WBA3B1C57FK280028,Purple,88,29788.86,ttttt,uuuuu,vvvvv,wwwww,xxxxx,yyyyy,zzzzz
Kia,Rio,2011,WAUEH98EX7A635943,Crimson,56,14199.36,ttttt,uuuuu,vvvvv,wwwww,xxxxx,yyyyy,zzzzz
Chevrolet,S10,1997,2C3CDXCT2FH987015,Turquoise,5,14608.86,ttttt,uuuuu,vvvvv,wwwww,xxxxx,yyyyy,zzzzz
Ford,Econoline E350,1996,1D7RV1CT1BS950109,Orange,93,13171.65,ttttt,uuuuu,vvvvv,wwwww,xxxxx,yyyyy,zzzzz
Audi,A6,2007,SCBEC9ZA9EC703537,Indigo,60,24473.52,ttttt,uuuuu,vvvvv,wwwww,xxxxx,yyyyy,zzzzz
Lexus,RX,2009,YV4902BZ5C1757695,Green,57,8192.06,ttttt,uuuuu,vvvvv,wwwww,xxxxx,yyyyy,zzzzz
Volvo,V50,2010,JN8AZ1MU4DW178854,Puce,35,6414.59,ttttt,uuuuu,vvvvv,wwwww,xxxxx,yyyyy,zzzzz
Chevrolet,Silverado 3500,2001,3D73M4EL5AG282957,Khaki,3,46327.94,ttttt,uuuuu,vvvvv,wwwww,xxxxx,yyyyy,zzzzz
Cadillac,Escalade ESV,2005,5TDBK3EH7BS204958,Teal,53,25125.67,ttttt,uuuuu,vvvvv,wwwww,xxxxx,yyyyy,zzzzz
Hyundai,Scoupe,1992,2G4WY55J321656651,Teal,30,14369.37,ttttt,uuuuu,vvvvv,wwwww,xxxxx,yyyyy,zzzzz
Lotus,Exige,2004,1FMEU3DE0AU946765,Purple,84,35781.75,ttttt,uuuuu,vvvvv,wwwww,xxxxx,yyyyy,zzzzz
Dodge,Caravan,1994,1GYFC26209R160372,Violet,7,8918.15,ttttt,uuuuu,vvvvv,wwwww,xxxxx,yyyyy,zzzzz
Dodge,Ram 2500,1996,2T1BURHE2FC590492,Fuscia,74,40770.26,ttttt,uuuuu,vvvvv,wwwww,xxxxx,yyyyy,zzzzz
Lincoln,Mark VIII,1997,JHMZE2H36DS517895,Puce,37,48054.21,ttttt,uuuuu,vvvvv,wwwww,xxxxx,yyyyy,zzzzz
Toyota,Avalon,1995,3N6CM0KN2DK067558,Turquoise,54,49876.49,ttttt,uuuuu,vvvvv,wwwww,xxxxx,yyyyy,zzzzz
Dodge,Ram 2500,2007,WAUAC48H44K915583,Green,25,9365.29,ttttt,uuuuu,vvvvv,wwwww,xxxxx,yyyyy,zzzzz
Ford,E-Series,2003,SAJWA4HA2EM092998,Puce,81,29851.34,ttttt,uuuuu,vvvvv,wwwww,xxxxx,yyyyy,zzzzz
GMC,Acadia,2012,WBAFU9C58DD928872,Green,26,13458.45,ttttt,uuuuu,vvvvv,wwwww,xxxxx,yyyyy,zzzzz
Ford,LTD Crown Victoria,1990,1D7RE5GKXBS949629,Green,17,44704.62,ttttt,uuuuu,vvvvv,wwwww,xxxxx,yyyyy,zzzzz
Saab,9000,1995,2HNYD18726H060259,Aquamarine,84,47646.87,ttttt,uuuuu,vvvvv,wwwww,xxxxx,yyyyy,zzzzz
BMW,325,2004,2FMHK6CC5AB501254,Fuscia,11,12580.77,ttttt,uuuuu,vvvvv,wwwww,xxxxx,yyyyy,zzzzz
Lotus,Exige,2005,5FRYD4H97GB417000,Green,43,47924.24,ttttt,uuuuu,vvvvv,wwwww,xxxxx,yyyyy,zzzzz
Chevrolet,Express 3500,2003,5J8TB18229A453323,Orange,99,15815.86,ttttt,uuuuu,vvvvv,wwwww,xxxxx,yyyyy,zzzzz
Mercury,Grand Marquis,2006,WA1AY74L48D544333,Fuscia,84,34338.45,ttttt,uuuuu,vvvvv,wwwww,xxxxx,yyyyy,zzzzz
Maybach,62,2010,1FTEX1CW3AK886793,Aquamarine,33,36226.59,ttttt,uuuuu,vvvvv,wwwww,xxxxx,yyyyy,zzzzz
Dodge,Caliber,2007,1G6AP5SX2F0702727,Teal,23,20374.84,ttttt,uuuuu,vvvvv,wwwww,xxxxx,yyyyy,zzzzz
Cadillac,Eldorado,1998,5UXFE8C57AL397190,Yellow,89,11711.53,ttttt,uuuuu,vvvvv,wwwww,xxxxx,yyyyy,zzzzz
Ford,Mustang,2004,WBA3B1C56F5060457,Puce,67,37344.21,ttttt,uuuuu,vvvvv,wwwww,xxxxx,yyyyy,zzzzz
Ford,Club Wagon,1994,WA1LMBFE5CD447138,Blue,77,34458.88,ttttt,uuuuu,vvvvv,wwwww,xxxxx,yyyyy,zzzzz
Chevrolet,Astro,2003,19UUA8F77DA366699,Teal,98,44297.93,ttttt,uuuuu,vvvvv,wwwww,xxxxx,yyyyy,zzzzz
Toyota,Highlander,2003,WAUDF68E85A373367,Yellow,27,35851.37,ttttt,uuuuu,vvvvv,wwwww,xxxxx,yyyyy,zzzzz
Chevrolet,Malibu,2006,1GYUCDEF6AR265137,Mauv,85,13606.11,ttttt,uuuuu,vvvvv,wwwww,xxxxx,yyyyy,zzzzz
Nissan,Xterra,2012,KNDJT2A13B7927406,Purple,22,11387.9,ttttt,uuuuu,vvvvv,wwwww,xxxxx,yyyyy,zzzzz
Mercury,Mystique,2000,JTHBE1D22F5665195,Turquoise,8,44734.94,ttttt,uuuuu,vvvvv,wwwww,xxxxx,yyyyy,zzzzz
Jaguar,XJ,2010,1G6DM57TX60618408,Yellow,46,26339.66,ttttt,uuuuu,vvvvv,wwwww,xxxxx,yyyyy,zzzzz
Dodge,Ram Wagon B350,1993,5UXFE83579L848324,Yellow,30,48652.45,ttttt,uuuuu,vvvvv,wwwww,xxxxx,yyyyy,zzzzz
Audi,S4,1992,YV1960ASXA1895556,Teal,64,7060.03,ttttt,uuuuu,vvvvv,wwwww,xxxxx,yyyyy,zzzzz
Volkswagen,Routan,2011,1G4CU541654645152,Pink,1,36739.78,ttttt,uuuuu,vvvvv,wwwww,xxxxx,yyyyy,zzzzz
Dodge,Ram 3500 Club,1995,WAUCFAFR0FA184427,Fuscia,51,26743.85,ttttt,uuuuu,vvvvv,wwwww,xxxxx,yyyyy,zzzzz
Pontiac,Bonneville,1984,5UXFB53584L143872,Puce,33,34797.76,ttttt,uuuuu,vvvvv,wwwww,xxxxx,yyyyy,zzzzz
Mercury,Mountaineer,1998,SCBLC43F56C318587,Goldenrod,89,48179.68,ttttt,uuuuu,vvvvv,wwwww,xxxxx,yyyyy,zzzzz
Bentley,Azure,2007,SCFFDEDN6CG730414,Yellow,86,32317.23,ttttt,uuuuu,vvvvv,wwwww,xxxxx,yyyyy,zzzzz
Hyundai,XG350,2004,WA1CV94L97D225389,Fuscia,44,32595.69,ttttt,uuuuu,vvvvv,wwwww,xxxxx,yyyyy,zzzzz
Plymouth,Grand Voyager,1992,WAU4FBFL6AA683330,Pink,28,20337.67,ttttt,uuuuu,vvvvv,wwwww,xxxxx,yyyyy,zzzzz
Toyota,Land Cruiser,2011,JN1AZ4EH9CM736645,Blue,33,29548.95,ttttt,uuuuu,vvvvv,wwwww,xxxxx,yyyyy,zzzzz
Toyota,Land Cruiser,2011,WAUUL78E68A633171,Maroon,25,40981.56,ttttt,uuuuu,vvvvv,wwwww,xxxxx,yyyyy,zzzzz
GMC,Sierra 2500,2006,1C4AJWAG7CL852204,Goldenrod,72,29188.17,ttttt,uuuuu,vvvvv,wwwww,xxxxx,yyyyy,zzzzz
Mercury,Milan,2008,2T2BK1BA3FC405813,Mauv,20,45678.03,ttttt,uuuuu,vvvvv,wwwww,xxxxx,yyyyy,zzzzz
Cadillac,CTS,2007,WAUHE98P99A183896,Purple,60,30704.38,ttttt,uuuuu,vvvvv,wwwww,xxxxx,yyyyy,zzzzz
Ford,Thunderbird,1986,3C63D2JL7CG192224,Goldenrod,54,22254.96,ttttt,uuuuu,vvvvv,wwwww,xxxxx,yyyyy,zzzzz
Buick,LaCrosse,2007,3VW217AU6FM074977,Turquoise,56,34639.52,ttttt,uuuuu,vvvvv,wwwww,xxxxx,yyyyy,zzzzz
Ford,Escape,2002,1G6AM5S35F0225328,Orange,35,15850.31,ttttt,uuuuu,vvvvv,wwwww,xxxxx,yyyyy,zzzzz
Jeep,Grand Cherokee,2003,5J6TF3H59FL268088,Puce,51,24758.1,ttttt,uuuuu,vvvvv,wwwww,xxxxx,yyyyy,zzzzz
Chevrolet,Beretta,1992,3C3CFFCR2FT319800,Puce,94,18590.78,ttttt,uuuuu,vvvvv,wwwww,xxxxx,yyyyy,zzzzz
Oldsmobile,Bravada,1999,SCBLC37F46C218257,Violet,36,24433.48,ttttt,uuuuu,vvvvv,wwwww,xxxxx,yyyyy,zzzzz
Cadillac,XLR-V,2009,1FMJK1H58BE993377,Orange,57,11497.36,ttttt,uuuuu,vvvvv,wwwww,xxxxx,yyyyy,zzzzz
Pontiac,Bonneville,1996,1G4HP54K254333206,Indigo,44,37457.15,ttttt,uuuuu,vvvvv,wwwww,xxxxx,yyyyy,zzzzz
Toyota,Sequoia,2010,WAUEV74F07N573991,Yellow,33,43196.73,ttttt,uuuuu,vvvvv,wwwww,xxxxx,yyyyy,zzzzz
Chrysler,Town & Country,2006,5UXWX9C5XF0908996,Maroon,50,46014.76,ttttt,uuuuu,vvvvv,wwwww,xxxxx,yyyyy,zzzzz
Chevrolet,Impala,2010,3D7LT2ET9BG897486,Mauv,40,42647.62,ttttt,uuuuu,vvvvv,wwwww,xxxxx,yyyyy,zzzzz
Cadillac,DTS,2008,1B3CB9HA8AD517180,Purple,48,46776.15,ttttt,uuuuu,vvvvv,wwwww,xxxxx,yyyyy,zzzzz
Mercedes-Benz,SL-Class,1991,1G4HK5E93AU566810,Maroon,75,13035.49,ttttt,uuuuu,vvvvv,wwwww,xxxxx,yyyyy,zzzzz
Chevrolet,Corvette,2012,5UXFG8C55EL674144,Purple,90,49937.8,ttttt,uuuuu,vvvvv,wwwww,xxxxx,yyyyy,zzzzz
Dodge,Caravan,1994,1FADP5CU2EL302460,Fuscia,99,9426.78,ttttt,uuuuu,vvvvv,wwwww,xxxxx,yyyyy,zzzzz
Saab,900,1991,3C4PDCAB9FT802658,Pink,49,9838.57,ttttt,uuuuu,vvvvv,wwwww,xxxxx,yyyyy,zzzzz
GMC,Sierra 1500,1999,JN1AJ0HPXBM083714,Aquamarine,80,46821.77,ttttt,uuuuu,vvvvv,wwwww,xxxxx,yyyyy,zzzzz
Land Rover,Discovery,2010,1N6AA0EJ4FN587850,Yellow,10,34161.74,ttttt,uuuuu,vvvvv,wwwww,xxxxx,yyyyy,zzzzz
Saturn,Outlook,2009,1D7CE3GK6AS429002,Crimson,89,21478.11,ttttt,uuuuu,vvvvv,wwwww,xxxxx,yyyyy,zzzzz
GMC,Savana 1500,2007,WBA3C1C50DF477013,Purple,35,47352.43,ttttt,uuuuu,vvvvv,wwwww,xxxxx,yyyyy,zzzzz
Mercedes-Benz,E-Class,2000,3VW8S7AT6FM069311,Blue,13,47059.28,ttttt,uuuuu,vvvvv,wwwww,xxxxx,yyyyy,zzzzz
Buick,Rendezvous,2005,5NPDH4AE7DH617691,Pink,10,46465.69,ttttt,uuuuu,vvvvv,wwwww,xxxxx,yyyyy,zzzzz
Ford,Thunderbird,2004,JHMZF1C69CS496869,Turquoise,35,41374.05,ttttt,uuuuu,vvvvv,wwwww,xxxxx,yyyyy,zzzzz
Toyota,Tacoma,2003,WAU3FAFR9AA172673,Indigo,16,41558.98,ttttt,uuuuu,vvvvv,wwwww,xxxxx,yyyyy,zzzzz
Mercury,Grand Marquis,1999,WUAPV64B53N605804,Teal,17,41839.12,ttttt,uuuuu,vvvvv,wwwww,xxxxx,yyyyy,zzzzz
Chevrolet,Monte Carlo,2004,WA1DGAFEXDD230725,Crimson,78,17447.26,ttttt,uuuuu,vvvvv,wwwww,xxxxx,yyyyy,zzzzz
Isuzu,Rodeo,2000,1N6AF0LY6FN668544,Fuscia,24,15739.73,ttttt,uuuuu,vvvvv,wwwww,xxxxx,yyyyy,zzzzz
Mercedes-Benz,SLR McLaren,2008,1FTEX1EW8AF877335,Khaki,16,23281.26,ttttt,uuuuu,vvvvv,wwwww,xxxxx,yyyyy,zzzzz
Subaru,Impreza,2012,JTHBE5C29A2006176,Goldenrod,69,17145.59,ttttt,uuuuu,vvvvv,wwwww,xxxxx,yyyyy,zzzzz
Isuzu,Amigo,2000,1C3CCBBB9CN459120,Maroon,92,42290.58,ttttt,uuuuu,vvvvv,wwwww,xxxxx,yyyyy,zzzzz
Nissan,Quest,1995,JM3TB2BA5D0848428,Orange,73,49664.05,ttttt,uuuuu,vvvvv,wwwww,xxxxx,yyyyy,zzzzz
MINI,Clubman,2011,WAUYP64B91N451703,Aquamarine,60,45696.88,ttttt,uuuuu,vvvvv,wwwww,xxxxx,yyyyy,zzzzz
Pontiac,6000,1986,1N4AA5AP9EC265795,Red,10,27697.2,ttttt,uuuuu,vvvvv,wwwww,xxxxx,yyyyy,zzzzz
Infiniti,EX,2008,WBAUP9C52CV376969,Fuscia,100,9453.18,ttttt,uuuuu,vvvvv,wwwww,xxxxx,yyyyy,zzzzz
Chevrolet,Cobalt,2009,WBAWL73518P805040,Yellow,74,5808.36,ttttt,uuuuu,vvvvv,wwwww,xxxxx,yyyyy,zzzzz
Lincoln,Blackwood,2003,WAURV78TX8A604528,Green,30,27358.53,ttttt,uuuuu,vvvvv,wwwww,xxxxx,yyyyy,zzzzz
Volvo,V50,2008,2T1BU4EE5CC111310,Indigo,86,7158.89,ttttt,uuuuu,vvvvv,wwwww,xxxxx,yyyyy,zzzzz
Chevrolet,Avalanche,2008,WAU3FAFR7AA025901,Aquamarine,28,24187.82,ttttt,uuuuu,vvvvv,wwwww,xxxxx,yyyyy,zzzzz
Mazda,B-Series Plus,1993,WBAYF8C57FD098028,Blue,75,47255.04,ttttt,uuuuu,vvvvv,wwwww,xxxxx,yyyyy,zzzzz
Lexus,ES,1991,WAUAF98E36A472037,Maroon,72,5331.08,ttttt,uuuuu,vvvvv,wwwww,xxxxx,yyyyy,zzzzz
Volkswagen,Touareg,2003,WAUHFAFL1AA463654,Green,58,34553.59,ttttt,uuuuu,vvvvv,wwwww,xxxxx,yyyyy,zzzzz
Pontiac,Firefly,1990,1C4SDHCT9DC528206,Teal,23,30620.17,ttttt,uuuuu,vvvvv,wwwww,xxxxx,yyyyy,zzzzz
Dodge,Dakota,1996,SALAB2D44AA623021,Khaki,76,14558.68,ttttt,uuuuu,vvvvv,wwwww,xxxxx,yyyyy,zzzzz
Mercedes-Benz,C-Class,2012,JH4KB265X9C810201,Green,52,20824.13,ttttt,uuuuu,vvvvv,wwwww,xxxxx,yyyyy,zzzzz
Ford,E-Series,1963,WAUKH78E86A666727,Violet,16,31891.38,ttttt,uuuuu,vvvvv,wwwww,xxxxx,yyyyy,zzzzz
Ford,Ranger,2011,1G4CW54K234419612,Maroon,46,34803.36,ttttt,uuuuu,vvvvv,wwwww,xxxxx,yyyyy,zzzzz
Maybach,62,2012,5UXWX7C59DL647943,Orange,85,12852.4,ttttt,uuuuu,vvvvv,wwwww,xxxxx,yyyyy,zzzzz
Kia,Rio,2003,WAUHF78P88A090903,Green,64,44455.4,ttttt,uuuuu,vvvvv,wwwww,xxxxx,yyyyy,zzzzz
Toyota,Supra,1995,5J8TB2H53CA658933,Mauv,88,19106.11,ttttt,uuuuu,vvvvv,wwwww,xxxxx,yyyyy,zzzzz
Pontiac,LeMans,1989,4USBT53433L581650,Puce,74,33034.1,ttttt,uuuuu,vvvvv,wwwww,xxxxx,yyyyy,zzzzz
Chevrolet,Beretta,1992,WBAYB6C55ED821048,Crimson,90,28672.76,ttttt,uuuuu,vvvvv,wwwww,xxxxx,yyyyy,zzzzz
GMC,Savana 2500,2011,JH4KB2F50BC628044,Goldenrod,43,13112.6,ttttt,uuuuu,vvvvv,wwwww,xxxxx,yyyyy,zzzzz
Suzuki,Vitara,2003,1D7RW2GK6AS824220,Khaki,97,38840.56,ttttt,uuuuu,vvvvv,wwwww,xxxxx,yyyyy,zzzzz
Suzuki,Samurai,1993,1C4RDHAG9CC776152,Pink,89,37407.66,ttttt,uuuuu,vvvvv,wwwww,xxxxx,yyyyy,zzzzz
Pontiac,Firebird,1990,1G6AJ5SXXE0085349,Teal,29,12108.98,ttttt,uuuuu,vvvvv,wwwww,xxxxx,yyyyy,zzzzz
Toyota,Corolla,1992,5N1AN0NW8DN866472,Yellow,29,44217.04,ttttt,uuuuu,vvvvv,wwwww,xxxxx,yyyyy,zzzzz
Toyota,Tercel,1998,WAUVT68E24A157672,Turquoise,64,40268.78,ttttt,uuuuu,vvvvv,wwwww,xxxxx,yyyyy,zzzzz
Ford,Escape,2007,19UUB3F71FA379841,Orange,42,34048.15,ttttt,uuuuu,vvvvv,wwwww,xxxxx,yyyyy,zzzzz
Mitsubishi,Eclipse,1994,WBAWB33568P152376,Puce,94,7715.55,ttttt,uuuuu,vvvvv,wwwww,xxxxx,yyyyy,zzzzz
Kia,Optima,2002,WAUVT68E52A219126,Aquamarine,46,10304.08,ttttt,uuuuu,vvvvv,wwwww,xxxxx,yyyyy,zzzzz
Mercedes-Benz,SL-Class,1992,WBAFR1C5XBC135708,Pink,43,11209.25,ttttt,uuuuu,vvvvv,wwwww,xxxxx,yyyyy,zzzzz
Toyota,Celica,1982,WBAUN1C54DV846573,Red,28,23365.79,ttttt,uuuuu,vvvvv,wwwww,xxxxx,yyyyy,zzzzz
Bugatti,Veyron,2009,1GD120EG6BF533745,Blue,84,22268.47,ttttt,uuuuu,vvvvv,wwwww,xxxxx,yyyyy,zzzzz
GMC,Yukon,1999,WAUVC68E24A124297,Pink,43,5084.72,ttttt,uuuuu,vvvvv,wwwww,xxxxx,yyyyy,zzzzz
Land Rover,Freelander,2003,WA1LGAFE8CD035927,Goldenrod,82,19328.61,ttttt,uuuuu,vvvvv,wwwww,xxxxx,yyyyy,zzzzz
Daewoo,Lanos,2001,1G6AL5S33E0099732,Khaki,92,38909.74,ttttt,uuuuu,vvvvv,wwwww,xxxxx,yyyyy,zzzzz
Infiniti,I,1996,NM0KS9BN2AT356396,Orange,7,49073.72,ttttt,uuuuu,vvvvv,wwwww,xxxxx,yyyyy,zzzzz
Rolls-Royce,Phantom,2012,1ZVBP8AM2C5729075,Maroon,92,13823.93,ttttt,uuuuu,vvvvv,wwwww,xxxxx,yyyyy,zzzzz
GMC,Savana 1500,2012,1N6BF0KXXFN527442,Blue,98,10631.69,ttttt,uuuuu,vvvvv,wwwww,xxxxx,yyyyy,zzzzz
Toyota,Previa,1993,4T1BD1EB3FU308287,Fuscia,1,42055.37,ttttt,uuuuu,vvvvv,wwwww,xxxxx,yyyyy,zzzzz
Oldsmobile,Achieva,1993,1G6KD57Y56U683422,Green,13,31446.66,ttttt,uuuuu,vvvvv,wwwww,xxxxx,yyyyy,zzzzz
Ford,Crown Victoria,2011,WAUEF48HX8K756017,Aquamarine,88,8088.16,ttttt,uuuuu,vvvvv,wwwww,xxxxx,yyyyy,zzzzz
Buick,Riviera,1997,KL4CJESB7DB800370,Violet,96,38911.12,ttttt,uuuuu,vvvvv,wwwww,xxxxx,yyyyy,zzzzz
Porsche,944,1986,WBAHN03598D835317,Goldenrod,53,40968.26,ttttt,uuuuu,vvvvv,wwwww,xxxxx,yyyyy,zzzzz
Lincoln,Mark VIII,1995,1FA6P0H71F5028043,Turquoise,94,13587.38,ttttt,uuuuu,vvvvv,wwwww,xxxxx,yyyyy,zzzzz
Mazda,Miata MX-5,1997,1GD020CG0BF256959,Orange,57,30664.62,ttttt,uuuuu,vvvvv,wwwww,xxxxx,yyyyy,zzzzz
Hyundai,Elantra,2001,WBAVA33588F879619,Turquoise,65,16757.31,ttttt,uuuuu,vvvvv,wwwww,xxxxx,yyyyy,zzzzz
Lexus,IS,2006,1FTWW3CY7AE649615,Puce,48,25121.4,ttttt,uuuuu,vvvvv,wwwww,xxxxx,yyyyy,zzzzz
Saab,09-May,2007,KL4CJCSBXEB823826,Pink,63,19601.01,ttttt,uuuuu,vvvvv,wwwww,xxxxx,yyyyy,zzzzz
Dodge,Stratus,1998,WDDHF2EB7BA841520,Turquoise,13,8241.18,ttttt,uuuuu,vvvvv,wwwww,xxxxx,yyyyy,zzzzz
Holden,VS Commodore,1997,WBAWV13519P950748,Pink,4,31600.87,ttttt,uuuuu,vvvvv,wwwww,xxxxx,yyyyy,zzzzz
Cadillac,Eldorado,1993,WAUKF78E18A788645,Mauv,97,24905.1,ttttt,uuuuu,vvvvv,wwwww,xxxxx,yyyyy,zzzzz
Ford,E350,2006,WBADT53462C663026,Fuscia,11,39426.64,ttttt,uuuuu,vvvvv,wwwww,xxxxx,yyyyy,zzzzz
Maserati,GranTurismo,2008,WBAPM77559N852144,Crimson,45,45494,ttttt,uuuuu,vvvvv,wwwww,xxxxx,yyyyy,zzzzz
Volkswagen,Passat,1999,4T1BF1FK4CU887326,Aquamarine,8,18118.81,ttttt,uuuuu,vvvvv,wwwww,xxxxx,yyyyy,zzzzz
Dodge,Ram Wagon B350,1993,5TFBW5F15AX211644,Goldenrod,10,6755.38,ttttt,uuuuu,vvvvv,wwwww,xxxxx,yyyyy,zzzzz
Honda,Civic Si,2006,5NPEB4AC5DH265988,Orange,65,23907.78,ttttt,uuuuu,vvvvv,wwwww,xxxxx,yyyyy,zzzzz
Suzuki,X-90,1996,1GYUKKEF6AR577613,Maroon,92,19401.38,ttttt,uuuuu,vvvvv,wwwww,xxxxx,yyyyy,zzzzz
Aston Martin,V8 Vantage S,2011,WBAVB73578P562669,Pink,40,48520.27,ttttt,uuuuu,vvvvv,wwwww,xxxxx,yyyyy,zzzzz
Honda,Civic,2011,KMHCT4AE8EU278369,Red,24,47614.15,ttttt,uuuuu,vvvvv,wwwww,xxxxx,yyyyy,zzzzz
Ford,Aerostar,1995,SCFFDABE8CG305532,Blue,100,7638.86,ttttt,uuuuu,vvvvv,wwwww,xxxxx,yyyyy,zzzzz
Lexus,ES,1989,WBSDX9C57DJ913985,Indigo,50,16529.01,ttttt,uuuuu,vvvvv,wwwww,xxxxx,yyyyy,zzzzz
Mazda,626,1989,WBAYG0C57DD708425,Blue,69,28844.24,ttttt,uuuuu,vvvvv,wwwww,xxxxx,yyyyy,zzzzz
Mitsubishi,Mighty Max,1994,WDDGF5EB7AA575590,Purple,28,6824.09,ttttt,uuuuu,vvvvv,wwwww,xxxxx,yyyyy,zzzzz
Volvo,S60,2008,JTHKD5BH0B2712320,Orange,18,30229.97,ttttt,uuuuu,vvvvv,wwwww,xxxxx,yyyyy,zzzzz
Dodge,Nitro,2007,WP1AA2A23DL549401,Aquamarine,87,5361.48,ttttt,uuuuu,vvvvv,wwwww,xxxxx,yyyyy,zzzzz
Kia,Optima,2004,3D73M3CL4BG010009,Indigo,27,20300.88,ttttt,uuuuu,vvvvv,wwwww,xxxxx,yyyyy,zzzzz
Isuzu,Stylus,1992,2C3CA2CVXAH426082,Teal,74,28224.95,ttttt,uuuuu,vvvvv,wwwww,xxxxx,yyyyy,zzzzz
Daewoo,Leganza,1999,1HGCP2E70CA344020,Red,69,8010.07,ttttt,uuuuu,vvvvv,wwwww,xxxxx,yyyyy,zzzzz
Chevrolet,Lumina,1995,1G6DJ5EV9A0921900,Indigo,97,32406.75,ttttt,uuuuu,vvvvv,wwwww,xxxxx,yyyyy,zzzzz
Buick,Terraza,2005,JTJHY7AX7D4077735,Green,39,28908.51,ttttt,uuuuu,vvvvv,wwwww,xxxxx,yyyyy,zzzzz
Hyundai,Accent,1999,WAUHF98P56A302648,Puce,68,22005.76,ttttt,uuuuu,vvvvv,wwwww,xxxxx,yyyyy,zzzzz
Lexus,LS,1995,JHMZF1C40BS292880,Yellow,84,13927.47,ttttt,uuuuu,vvvvv,wwwww,xxxxx,yyyyy,zzzzz
Maserati,GranTurismo,2009,2V4RW3DG2BR570188,Goldenrod,8,20165.74,ttttt,uuuuu,vvvvv,wwwww,xxxxx,yyyyy,zzzzz
Infiniti,IPL G,2011,1N6AF0KX6FN089921,Crimson,35,28354.55,ttttt,uuuuu,vvvvv,wwwww,xxxxx,yyyyy,zzzzz
Subaru,Legacy,2006,2G61P5S35F9065318,Khaki,82,47275.49,ttttt,uuuuu,vvvvv,wwwww,xxxxx,yyyyy,zzzzz
Suzuki,Esteem,1996,4A31K3DT6CE657264,Yellow,59,49951.83,ttttt,uuuuu,vvvvv,wwwww,xxxxx,yyyyy,zzzzz
Lexus,LS,2012,5TDBM5G13CS892495,Turquoise,57,17282.07,ttttt,uuuuu,vvvvv,wwwww,xxxxx,yyyyy,zzzzz
Acura,NSX,1995,1GYUCGEF8AR864753,Teal,36,33808.1,ttttt,uuuuu,vvvvv,wwwww,xxxxx,yyyyy,zzzzz
Pontiac,Firebird,2002,1FTNS1EW0AD479918,Violet,67,17058.53,ttttt,uuuuu,vvvvv,wwwww,xxxxx,yyyyy,zzzzz
Dodge,Viper,2004,WBASN4C57BC333822,Violet,21,7629.99,ttttt,uuuuu,vvvvv,wwwww,xxxxx,yyyyy,zzzzz
Pontiac,Grand Am,1990,1C3CDFAA7FD884231,Pink,92,25930.48,ttttt,uuuuu,vvvvv,wwwww,xxxxx,yyyyy,zzzzz
Audi,A3,2010,1FTWF3A51AE630745,Goldenrod,37,29670.09,ttttt,uuuuu,vvvvv,wwwww,xxxxx,yyyyy,zzzzz
Honda,S2000,2005,WBAUT9C59CA713382,Mauv,92,21188.99,ttttt,uuuuu,vvvvv,wwwww,xxxxx,yyyyy,zzzzz
Mercury,Topaz,1988,WDDEJ9EB6EA952140,Crimson,8,42028.1,ttttt,uuuuu,vvvvv,wwwww,xxxxx,yyyyy,zzzzz
Nissan,Quest,2002,1G4GD5EG4AF082511,Violet,85,28126.47,ttttt,uuuuu,vvvvv,wwwww,xxxxx,yyyyy,zzzzz
Oldsmobile,Regency,1997,WVGEF9BP0DD285943,Pink,83,39014.11,ttttt,uuuuu,vvvvv,wwwww,xxxxx,yyyyy,zzzzz
Cadillac,STS,2010,5N1AA0NC5CN117094,Violet,12,15473.44,ttttt,uuuuu,vvvvv,wwwww,xxxxx,yyyyy,zzzzz
Saturn,Aura,2009,5N1AN0NU7AC762738,Puce,9,49863.23,ttttt,uuuuu,vvvvv,wwwww,xxxxx,yyyyy,zzzzz
Jeep,Grand Cherokee,1996,WBA3T1C51FP403502,Mauv,24,36089.65,ttttt,uuuuu,vvvvv,wwwww,xxxxx,yyyyy,zzzzz
Cadillac,Eldorado,1994,VNKKTUD38FA816797,Indigo,22,39001.32,ttttt,uuuuu,vvvvv,wwwww,xxxxx,yyyyy,zzzzz
Mazda,626,1995,JN8AS1MU8AM004085,Green,50,41930.41,ttttt,uuuuu,vvvvv,wwwww,xxxxx,yyyyy,zzzzz
Jeep,Grand Cherokee,1994,TRUUT28N361563105,Teal,46,10830.13,ttttt,uuuuu,vvvvv,wwwww,xxxxx,yyyyy,zzzzz
Hyundai,Sonata,1996,SCBZK25E53C623413,Pink,93,20380.01,ttttt,uuuuu,vvvvv,wwwww,xxxxx,yyyyy,zzzzz
Jeep,Patriot,2010,3VWKX7AJ6AM509221,Turquoise,50,34294.39,ttttt,uuuuu,vvvvv,wwwww,xxxxx,yyyyy,zzzzz
GMC,Savana 3500,2007,WAUBC48H86K397193,Crimson,10,42128.32,ttttt,uuuuu,vvvvv,wwwww,xxxxx,yyyyy,zzzzz
Mercedes-Benz,GL-Class,2008,WBXPC9C48AW229164,Violet,42,43023.32,ttttt,uuuuu,vvvvv,wwwww,xxxxx,yyyyy,zzzzz
Porsche,911,2009,NM0KS9BN3BT051684,Violet,43,30639.84,ttttt,uuuuu,vvvvv,wwwww,xxxxx,yyyyy,zzzzz
Ford,Thunderbird,2004,KNDJN2A25F7975319,Pink,75,11424.98,ttttt,uuuuu,vvvvv,wwwww,xxxxx,yyyyy,zzzzz
Cadillac,CTS,2004,5GADV33W87D596418,Pink,83,15498.83,ttttt,uuuuu,vvvvv,wwwww,xxxxx,yyyyy,zzzzz
BMW,525,2004,WAUKH78E47A186573,Yellow,8,20071.97,ttttt,uuuuu,vvvvv,wwwww,xxxxx,yyyyy,zzzzz
Mercedes-Benz,CLS-Class,2008,SCBZU25E01C256685,Fuscia,85,45728.38,ttttt,uuuuu,vvvvv,wwwww,xxxxx,yyyyy,zzzzz
Pontiac,Grand Am,1985,WBA3B5C53EF746617,Mauv,80,8075.48,ttttt,uuuuu,vvvvv,wwwww,xxxxx,yyyyy,zzzzz
BMW,X6,2009,5GAKRCKD0FJ277333,Aquamarine,24,22712.65,ttttt,uuuuu,vvvvv,wwwww,xxxxx,yyyyy,zzzzz
Dodge,Journey,2012,WBABD33404J742716,Pink,43,43783.23,ttttt,uuuuu,vvvvv,wwwww,xxxxx,yyyyy,zzzzz
Saab,09-Mar,2009,5N1AA0ND1FN459316,Yellow,66,10484.44,ttttt,uuuuu,vvvvv,wwwww,xxxxx,yyyyy,zzzzz
Chevrolet,Express 2500,1996,WBAFZ9C51DD346338,Khaki,9,29818.4,ttttt,uuuuu,vvvvv,wwwww,xxxxx,yyyyy,zzzzz
Isuzu,Ascender,2004,1GKS2GEJ6CR208241,Goldenrod,11,48824.44,ttttt,uuuuu,vvvvv,wwwww,xxxxx,yyyyy,zzzzz
Ford,Crown Victoria,2010,JN1AZ4EH4FM612321,Turquoise,32,15553,ttttt,uuuuu,vvvvv,wwwww,xxxxx,yyyyy,zzzzz
Aston Martin,DB9,2009,SALGS2EF1EA003307,Pink,30,44532.26,ttttt,uuuuu,vvvvv,wwwww,xxxxx,yyyyy,zzzzz
Chevrolet,Suburban 1500,1993,1FTEW1E81AK652816,Teal,60,49876.22,ttttt,uuuuu,vvvvv,wwwww,xxxxx,yyyyy,zzzzz
Pontiac,Grand Am,2005,1FTEW1CM1BK425885,Orange,40,15831.98,ttttt,uuuuu,vvvvv,wwwww,xxxxx,yyyyy,zzzzz
Jeep,Compass,2009,WAUCD64B94N213258,Mauv,16,11942.22,ttttt,uuuuu,vvvvv,wwwww,xxxxx,yyyyy,zzzzz
Dodge,Stratus,1995,1G4HD5EM4AU084118,Puce,42,47944.19,ttttt,uuuuu,vvvvv,wwwww,xxxxx,yyyyy,zzzzz
BMW,650,2006,1GYS4EEJ6BR224975,Green,79,29047.74,ttttt,uuuuu,vvvvv,wwwww,xxxxx,yyyyy,zzzzz
Suzuki,Equator,2010,SALAB2D48DA226982,Yellow,26,20607.6,ttttt,uuuuu,vvvvv,wwwww,xxxxx,yyyyy,zzzzz
Dodge,Dakota,1996,WA1CMAFE5CD656812,Violet,78,14316.76,ttttt,uuuuu,vvvvv,wwwww,xxxxx,yyyyy,zzzzz
Kia,Optima,2004,WA1WYBFE0AD202679,Fuscia,40,25074.03,ttttt,uuuuu,vvvvv,wwwww,xxxxx,yyyyy,zzzzz
Suzuki,Esteem,1996,WAUXL68E84A442286,Indigo,5,35997.29,ttttt,uuuuu,vvvvv,wwwww,xxxxx,yyyyy,zzzzz
Mitsubishi,Lancer Evolution,2004,WAUEF78E17A841209,Green,3,34791.3,ttttt,uuuuu,vvvvv,wwwww,xxxxx,yyyyy,zzzzz
Lexus,SC,1999,WA1DGAFE0FD412632,Blue,15,16451.25,ttttt,uuuuu,vvvvv,wwwww,xxxxx,yyyyy,zzzzz
Infiniti,G37,2008,1G4HJ5EM3BU161572,Purple,75,32274.52,ttttt,uuuuu,vvvvv,wwwww,xxxxx,yyyyy,zzzzz
Ford,Crown Victoria,1994,1C4AJWAG6FL753071,Fuscia,10,41373.08,ttttt,uuuuu,vvvvv,wwwww,xxxxx,yyyyy,zzzzz
Chevrolet,Express,2008,2FMHK6CC9AB934253,Khaki,77,47634.2,ttttt,uuuuu,vvvvv,wwwww,xxxxx,yyyyy,zzzzz
BMW,7 Series,2005,3N1CE2CP0FL127798,Mauv,45,48303.12,ttttt,uuuuu,vvvvv,wwwww,xxxxx,yyyyy,zzzzz
Chevrolet,Silverado 1500,2009,WAUDG94F75N263027,Orange,9,14810.76,ttttt,uuuuu,vvvvv,wwwww,xxxxx,yyyyy,zzzzz
GMC,Canyon,2006,1GYS3KEF6ER699253,Turquoise,67,46279.67,ttttt,uuuuu,vvvvv,wwwww,xxxxx,yyyyy,zzzzz
Audi,A6,1997,1N6AA0CA8DN575412,Puce,87,19689.52,ttttt,uuuuu,vvvvv,wwwww,xxxxx,yyyyy,zzzzz
Toyota,Matrix,2004,1G6AH5RXXD0541107,Indigo,76,32402.24,ttttt,uuuuu,vvvvv,wwwww,xxxxx,yyyyy,zzzzz
Jeep,Wrangler,2001,NM0KS7AN1AT492427,Green,81,21679.14,ttttt,uuuuu,vvvvv,wwwww,xxxxx,yyyyy,zzzzz
Oldsmobile,Silhouette,1999,WBAEW53443P372742,Green,96,10485.61,ttttt,uuuuu,vvvvv,wwwww,xxxxx,yyyyy,zzzzz
Dodge,Neon,1996,JH4KA96573C783218,Yellow,72,16277.43,ttttt,uuuuu,vvvvv,wwwww,xxxxx,yyyyy,zzzzz
Ford,Mustang,1968,WUARL48H69K296811,Red,11,38656.49,ttttt,uuuuu,vvvvv,wwwww,xxxxx,yyyyy,zzzzz
Hyundai,Genesis Coupe,2010,5GAKVBKD5FJ327908,Mauv,40,48107.48,ttttt,uuuuu,vvvvv,wwwww,xxxxx,yyyyy,zzzzz
Mitsubishi,Truck,1987,WP0AA2A91FS155986,Puce,78,14755.39,ttttt,uuuuu,vvvvv,wwwww,xxxxx,yyyyy,zzzzz
Mercedes-Benz,Sprinter 2500,2012,5FPYK1F49CB518196,Turquoise,51,16748.91,ttttt,uuuuu,vvvvv,wwwww,xxxxx,yyyyy,zzzzz
Saturn,L-Series,2000,WBAKF9C56DE461583,Fuscia,73,46086.79,ttttt,uuuuu,vvvvv,wwwww,xxxxx,yyyyy,zzzzz
Mercedes-Benz,GLK-Class,2012,KNADH4A36A6044428,Teal,99,17825.02,ttttt,uuuuu,vvvvv,wwwww,xxxxx,yyyyy,zzzzz
Nissan,240SX,1996,5GAKVCED0BJ705550,Pink,11,44091.58,ttttt,uuuuu,vvvvv,wwwww,xxxxx,yyyyy,zzzzz
Suzuki,Grand Vitara,2007,WVWAP7ANXDE689475,Violet,5,29068.11,ttttt,uuuuu,vvvvv,wwwww,xxxxx,yyyyy,zzzzz
Cadillac,Escalade EXT,2012,2FMGK5C82FB962775,Green,62,17798.58,ttttt,uuuuu,vvvvv,wwwww,xxxxx,yyyyy,zzzzz
BMW,M3,2004,5J8TB4H57EL372795,Purple,7,27505.96,ttttt,uuuuu,vvvvv,wwwww,xxxxx,yyyyy,zzzzz
Mazda,Familia,1988,WAUWFAFRXEA713961,Puce,73,23499.12,ttttt,uuuuu,vvvvv,wwwww,xxxxx,yyyyy,zzzzz
GMC,Suburban 2500,1996,1C3CDFAA0ED479889,Orange,64,10009.82,ttttt,uuuuu,vvvvv,wwwww,xxxxx,yyyyy,zzzzz
Buick,Roadmaster,1996,1N4AB7AP1EN627700,Maroon,95,9425.76,ttttt,uuuuu,vvvvv,wwwww,xxxxx,yyyyy,zzzzz
Buick,Regal,1986,WAUFGAFC0EN441650,Mauv,45,23277.5,ttttt,uuuuu,vvvvv,wwwww,xxxxx,yyyyy,zzzzz
Honda,Accord,2009,19UUA96289A946593,Puce,58,11194.31,ttttt,uuuuu,vvvvv,wwwww,xxxxx,yyyyy,zzzzz
Mazda,Protege,2003,KM8JT3AB8CU344052,Khaki,32,14144.97,ttttt,uuuuu,vvvvv,wwwww,xxxxx,yyyyy,zzzzz
Chevrolet,Express 2500,2004,4USBT534X3L325487,Pink,53,22698.21,ttttt,uuuuu,vvvvv,wwwww,xxxxx,yyyyy,zzzzz
Lotus,Esprit,1988,WAUEH64B21N794403,Turquoise,57,45706.08,ttttt,uuuuu,vvvvv,wwwww,xxxxx,yyyyy,zzzzz
GMC,Sierra 3500,2012,WBAVC53588A074609,Mauv,90,22351.69,ttttt,uuuuu,vvvvv,wwwww,xxxxx,yyyyy,zzzzz
Mazda,323,1992,3GYFNGE35DS971320,Green,94,20864.66,ttttt,uuuuu,vvvvv,wwwww,xxxxx,yyyyy,zzzzz
Studebaker,Avanti,1962,SCBCU7ZA0BC196211,Mauv,78,24723.42,ttttt,uuuuu,vvvvv,wwwww,xxxxx,yyyyy,zzzzz
Land Rover,Range Rover,1997,3GYT4MEF1DG329792,Pink,27,9057.56,ttttt,uuuuu,vvvvv,wwwww,xxxxx,yyyyy,zzzzz
Honda,Odyssey,2002,1D7CW3BK0AS837726,Khaki,57,20441.62,ttttt,uuuuu,vvvvv,wwwww,xxxxx,yyyyy,zzzzz
Ford,Econoline E350,1994,WAULD64B64N311082,Turquoise,51,13993.75,ttttt,uuuuu,vvvvv,wwwww,xxxxx,yyyyy,zzzzz
Mercedes-Benz,CL-Class,2002,JM1GJ1T58E1970902,Puce,54,16425.17,ttttt,uuuuu,vvvvv,wwwww,xxxxx,yyyyy,zzzzz
Oldsmobile,Bravada,1997,KMHFG4JG3FA979553,Aquamarine,80,15150.92,ttttt,uuuuu,vvvvv,wwwww,xxxxx,yyyyy,zzzzz
Mercedes-Benz,SL-Class,2009,JN8AF5MR8FT504512,Goldenrod,10,43533.51,ttttt,uuuuu,vvvvv,wwwww,xxxxx,yyyyy,zzzzz
Cadillac,STS,2011,5NPDH4AE7EH291960,Khaki,94,26566.33,ttttt,uuuuu,vvvvv,wwwww,xxxxx,yyyyy,zzzzz
Aston Martin,DB9,2012,1C3BCBFGXCN722121,Red,3,21538.67,ttttt,uuuuu,vvvvv,wwwww,xxxxx,yyyyy,zzzzz
Toyota,Tundra,2004,1G4GC5GR4CF030025,Red,40,22299.56,ttttt,uuuuu,vvvvv,wwwww,xxxxx,yyyyy,zzzzz
Chevrolet,Corvette,1988,3N1AB7AP6FY494997,Turquoise,84,23752.21,ttttt,uuuuu,vvvvv,wwwww,xxxxx,yyyyy,zzzzz
MINI,Clubman,2012,2HNYD2H33DH671496,Fuscia,27,36760.86,ttttt,uuuuu,vvvvv,wwwww,xxxxx,yyyyy,zzzzz
Mitsubishi,Mirage,1991,3VW217AUXFM785419,Purple,5,12129.29,ttttt,uuuuu,vvvvv,wwwww,xxxxx,yyyyy,zzzzz
Honda,S2000,2004,WDDNG7BB4AA011402,Violet,76,38616.75,ttttt,uuuuu,vvvvv,wwwww,xxxxx,yyyyy,zzzzz
Mazda,Miata MX-5,2011,WP0AB2A85CS106600,Blue,70,6691.49,ttttt,uuuuu,vvvvv,wwwww,xxxxx,yyyyy,zzzzz
Mitsubishi,Mirage,2001,5N1AA0NC6BN789745,Khaki,36,44904.01,ttttt,uuuuu,vvvvv,wwwww,xxxxx,yyyyy,zzzzz
Lincoln,MKX,2007,1G4GG5G3XCF060209,Violet,40,29580.9,ttttt,uuuuu,vvvvv,wwwww,xxxxx,yyyyy,zzzzz
Mazda,RX-8,2007,WBAYF4C53FG400745,Crimson,79,11200.84,ttttt,uuuuu,vvvvv,wwwww,xxxxx,yyyyy,zzzzz
Infiniti,Q,2002,1GYS3LKJ4FR048770,Crimson,6,20288.44,ttttt,uuuuu,vvvvv,wwwww,xxxxx,yyyyy,zzzzz
Mercury,Grand Marquis,1995,WDBSK7AA0BF321036,Fuscia,58,16532.67,ttttt,uuuuu,vvvvv,wwwww,xxxxx,yyyyy,zzzzz
Plymouth,Voyager,1997,1FTFW1E83AK029668,Mauv,42,28869.48,ttttt,uuuuu,vvvvv,wwwww,xxxxx,yyyyy,zzzzz
Land Rover,Discovery,2003,JTJBM7FX1C5380755,Maroon,15,23246.18,ttttt,uuuuu,vvvvv,wwwww,xxxxx,yyyyy,zzzzz
Ford,Probe,1996,WDDGF4HB6DF706411,Puce,16,20115.2,ttttt,uuuuu,vvvvv,wwwww,xxxxx,yyyyy,zzzzz
Lexus,SC,1994,WAULFAFR9EA193416,Khaki,84,37619.33,ttttt,uuuuu,vvvvv,wwwww,xxxxx,yyyyy,zzzzz
Toyota,Previa,1995,SCFFDAAE3AG038900,Indigo,70,21877.38,ttttt,uuuuu,vvvvv,wwwww,xxxxx,yyyyy,zzzzz
Pontiac,Torrent,2009,JM1NC2MF8E0231002,Goldenrod,75,5787.13,ttttt,uuuuu,vvvvv,wwwww,xxxxx,yyyyy,zzzzz
Buick,Terraza,2006,1G6DH577690472617,Orange,77,12837.08,ttttt,uuuuu,vvvvv,wwwww,xxxxx,yyyyy,zzzzz
Chevrolet,Tahoe,1997,5UXFG2C56E0213615,Purple,40,25512.48,ttttt,uuuuu,vvvvv,wwwww,xxxxx,yyyyy,zzzzz
Hummer,H2,2008,SCFBF04B88G560582,Puce,31,39947.72,ttttt,uuuuu,vvvvv,wwwww,xxxxx,yyyyy,zzzzz
Lexus,LS,1992,1FT7W2A61EE793022,Blue,87,38413.77,ttttt,uuuuu,vvvvv,wwwww,xxxxx,yyyyy,zzzzz
Lincoln,Mark VIII,1993,WAUFFAFL7CN139031,Purple,87,28482.82,ttttt,uuuuu,vvvvv,wwwww,xxxxx,yyyyy,zzzzz
Lexus,LS,1999,1G6DV57V290560099,Pink,15,18385.73,ttttt,uuuuu,vvvvv,wwwww,xxxxx,yyyyy,zzzzz
Isuzu,i-290,2007,KNAFX6A84E5087972,Puce,86,47861.9,ttttt,uuuuu,vvvvv,wwwww,xxxxx,yyyyy,zzzzz
Lexus,RX,2007,2G4GW5EV5B9402177,Maroon,60,47510.18,ttttt,uuuuu,vvvvv,wwwww,xxxxx,yyyyy,zzzzz
Dodge,Ram Van 2500,1997,4T1BD1EB3FU893856,Indigo,91,32604.65,ttttt,uuuuu,vvvvv,wwwww,xxxxx,yyyyy,zzzzz
Mitsubishi,i-MiEV,2012,WBAVB735X7K433076,Red,36,13341.2,ttttt,uuuuu,vvvvv,wwwww,xxxxx,yyyyy,zzzzz
Ford,Windstar,2004,1FTEX1CM5DK968818,Teal,37,6478.93,ttttt,uuuuu,vvvvv,wwwww,xxxxx,yyyyy,zzzzz
Geo,Tracker,1995,3FAHP0CG0CR961389,Puce,89,15014.99,ttttt,uuuuu,vvvvv,wwwww,xxxxx,yyyyy,zzzzz
Toyota,4Runner,1999,19UUA656X6A291657,Khaki,16,31245.12,ttttt,uuuuu,vvvvv,wwwww,xxxxx,yyyyy,zzzzz
Nissan,NV1500,2012,1C6RD6PT3CS149775,Blue,61,7000.39,ttttt,uuuuu,vvvvv,wwwww,xxxxx,yyyyy,zzzzz
Mercury,Grand Marquis,2000,2C3CCADG0EH786861,Indigo,96,39491.94,ttttt,uuuuu,vvvvv,wwwww,xxxxx,yyyyy,zzzzz
Land Rover,Defender 90,1995,2C4RDGDG6CR030688,Turquoise,23,17031.23,ttttt,uuuuu,vvvvv,wwwww,xxxxx,yyyyy,zzzzz
Dodge,Nitro,2011,5N1AT2ML0EC274117,Fuscia,13,34716.98,ttttt,uuuuu,vvvvv,wwwww,xxxxx,yyyyy,zzzzz
Ford,Thunderbird,1980,1FTEX1CW0AF843747,Orange,36,21725.62,ttttt,uuuuu,vvvvv,wwwww,xxxxx,yyyyy,zzzzz
Chevrolet,Aveo,2007,JH4DC54832C159908,Green,7,47623.66,ttttt,uuuuu,vvvvv,wwwww,xxxxx,yyyyy,zzzzz
Porsche,Boxster,2006,1FTEW1C87FF536720,Orange,88,46227.3,ttttt,uuuuu,vvvvv,wwwww,xxxxx,yyyyy,zzzzz
Chrysler,Concorde,1999,JN8AZ1MU4EW223065,Orange,78,34763.26,ttttt,uuuuu,vvvvv,wwwww,xxxxx,yyyyy,zzzzz
Oldsmobile,Bravada,1992,SCFPDCGP4EG605033,Blue,70,19871.23,ttttt,uuuuu,vvvvv,wwwww,xxxxx,yyyyy,zzzzz
Chevrolet,Express 1500,2005,JN1CV6EK6AM009648,Blue,2,11786.63,ttttt,uuuuu,vvvvv,wwwww,xxxxx,yyyyy,zzzzz
Saturn,Ion,2007,1G4GG5E34CF922102,Pink,14,6561.85,ttttt,uuuuu,vvvvv,wwwww,xxxxx,yyyyy,zzzzz
Ford,Th!nk,2002,WVGEP9BP6FD154614,Blue,87,49150.64,ttttt,uuuuu,vvvvv,wwwww,xxxxx,yyyyy,zzzzz
Pontiac,Firebird,1992,YV1902AHXE1357978,Purple,69,47080.67,ttttt,uuuuu,vvvvv,wwwww,xxxxx,yyyyy,zzzzz
Toyota,Prius Plug-in Hybrid,2012,3MZBM1K75EM002101,Aquamarine,56,15430.21,ttttt,uuuuu,vvvvv,wwwww,xxxxx,yyyyy,zzzzz
Honda,Civic,1990,1C3CCBBB7CN277190,Green,23,18463.85,ttttt,uuuuu,vvvvv,wwwww,xxxxx,yyyyy,zzzzz
Dodge,D250 Club,1993,1G6AL1R32F0111708,Fuscia,85,9043.22,ttttt,uuuuu,vvvvv,wwwww,xxxxx,yyyyy,zzzzz
Lexus,GX,2010,WA1VFAFLXDA332646,Puce,19,6974.27,ttttt,uuuuu,vvvvv,wwwww,xxxxx,yyyyy,zzzzz
Ram,2500,2012,WVWAP7ANXEE257647,Mauv,60,5708.16,ttttt,uuuuu,vvvvv,wwwww,xxxxx,yyyyy,zzzzz
Pontiac,Bonneville,1994,WBALZ5C59CD197929,Teal,28,41305,ttttt,uuuuu,vvvvv,wwwww,xxxxx,yyyyy,zzzzz
Suzuki,XL7,2006,WAUDH78E97A476297,Teal,12,20890.95,ttttt,uuuuu,vvvvv,wwwww,xxxxx,yyyyy,zzzzz
Jaguar,S-Type,2000,1FMEU6FE2AU326501,Teal,22,26992.56,ttttt,uuuuu,vvvvv,wwwww,xxxxx,yyyyy,zzzzz
Cadillac,CTS,2010,1G6AB5SX0D0740663,Khaki,93,16165.29,ttttt,uuuuu,vvvvv,wwwww,xxxxx,yyyyy,zzzzz
Ford,Aspire,1995,JTHBE1BL0F1491193,Purple,10,32374.09,ttttt,uuuuu,vvvvv,wwwww,xxxxx,yyyyy,zzzzz
Hyundai,Elantra,2012,5UXKS4C55F0068481,Puce,37,32798.42,ttttt,uuuuu,vvvvv,wwwww,xxxxx,yyyyy,zzzzz
Audi,A4,1997,JM1NC2EF3A0163894,Khaki,63,45579.48,ttttt,uuuuu,vvvvv,wwwww,xxxxx,yyyyy,zzzzz
Infiniti,Q,1998,WBAAW33421E086867,Red,76,10931.59,ttttt,uuuuu,vvvvv,wwwww,xxxxx,yyyyy,zzzzz
Honda,S2000,2003,WVGAV7AX7CW538394,Mauv,74,7914.67,ttttt,uuuuu,vvvvv,wwwww,xxxxx,yyyyy,zzzzz
BMW,Z4,2012,1B3CB3HA8BD542627,Teal,44,38712.36,ttttt,uuuuu,vvvvv,wwwww,xxxxx,yyyyy,zzzzz
Lamborghini,Diablo,1995,WBADN53481G567559,Fuscia,92,47578.78,ttttt,uuuuu,vvvvv,wwwww,xxxxx,yyyyy,zzzzz
Dodge,Caliber,2012,WAU4GBFB5BN515841,Green,30,11710.55,ttttt,uuuuu,vvvvv,wwwww,xxxxx,yyyyy,zzzzz
Nissan,Quest,1994,WBAEV33425K805269,Khaki,47,32708.61,ttttt,uuuuu,vvvvv,wwwww,xxxxx,yyyyy,zzzzz
Volkswagen,Eos,2012,WAUJGAFD6FN467948,Fuscia,79,7067.68,ttttt,uuuuu,vvvvv,wwwww,xxxxx,yyyyy,zzzzz
Volvo,S40,2004,2HNYD182X5H523736,Orange,30,45485.65,ttttt,uuuuu,vvvvv,wwwww,xxxxx,yyyyy,zzzzz
Mitsubishi,Mirage,1992,1G6DN57S650455226,Crimson,11,5365.19,ttttt,uuuuu,vvvvv,wwwww,xxxxx,yyyyy,zzzzz
Pontiac,Bonneville,1991,YV4952CF2E1715932,Crimson,26,41342.13,ttttt,uuuuu,vvvvv,wwwww,xxxxx,yyyyy,zzzzz
GMC,Sonoma,2002,1FTMF1CW9AF852915,Red,61,9236.76,ttttt,uuuuu,vvvvv,wwwww,xxxxx,yyyyy,zzzzz
Pontiac,Vibe,2005,2C4RDGBG7ER140459,Goldenrod,30,22301.51,ttttt,uuuuu,vvvvv,wwwww,xxxxx,yyyyy,zzzzz
Mitsubishi,GTO,1992,1C3BCBFG8DN491589,Crimson,8,29991.58,ttttt,uuuuu,vvvvv,wwwww,xxxxx,yyyyy,zzzzz
Dodge,Caravan,1998,1G6DN57U370369926,Mauv,13,30687.04,ttttt,uuuuu,vvvvv,wwwww,xxxxx,yyyyy,zzzzz
Mazda,Protege,1995,WAUWFAFL7AA478103,Goldenrod,74,12099.33,ttttt,uuuuu,vvvvv,wwwww,xxxxx,yyyyy,zzzzz
Mercury,Mountaineer,2003,2T1BU4EE1BC294459,Aquamarine,75,49924.53,ttttt,uuuuu,vvvvv,wwwww,xxxxx,yyyyy,zzzzz
Ford,LTD Crown Victoria,1986,WUARU78E77N792099,Pink,19,33534.05,ttttt,uuuuu,vvvvv,wwwww,xxxxx,yyyyy,zzzzz
Mercury,Lynx,1984,WAUWFAFH1BN113020,Aquamarine,52,22317.13,ttttt,uuuuu,vvvvv,wwwww,xxxxx,yyyyy,zzzzz
Porsche,Boxster,2003,WAUBGAFB1BN798871,Orange,23,13207.79,ttttt,uuuuu,vvvvv,wwwww,xxxxx,yyyyy,zzzzz
Subaru,Impreza,2009,WBAPM5C5XBE926156,Aquamarine,10,16832.29,ttttt,uuuuu,vvvvv,wwwww,xxxxx,yyyyy,zzzzz
Pontiac,Tempest,1965,WAUGL98E78A124697,Khaki,14,45107.6,ttttt,uuuuu,vvvvv,wwwww,xxxxx,yyyyy,zzzzz
Lexus,GS,2007,5NPDH4AE3CH205914,Purple,99,49853.16,ttttt,uuuuu,vvvvv,wwwww,xxxxx,yyyyy,zzzzz
Volkswagen,Eurovan,1997,1FTMF1C80AK291898,Teal,14,16509.39,ttttt,uuuuu,vvvvv,wwwww,xxxxx,yyyyy,zzzzz
Volvo,S80,2002,WBALM7C57EJ240906,Aquamarine,21,38108.23,ttttt,uuuuu,vvvvv,wwwww,xxxxx,yyyyy,zzzzz
Ford,Taurus,1995,1G6KF54981U839405,Green,25,43135.79,ttttt,uuuuu,vvvvv,wwwww,xxxxx,yyyyy,zzzzz
Subaru,Impreza,1993,2C3CCARG6EH730481,Aquamarine,8,34188.35,ttttt,uuuuu,vvvvv,wwwww,xxxxx,yyyyy,zzzzz
Mercedes-Benz,S-Class,1997,JTDKDTB32C1395285,Turquoise,9,44506.7,ttttt,uuuuu,vvvvv,wwwww,xxxxx,yyyyy,zzzzz
Toyota,Avalon,2003,SCFAB42322K768570,Green,56,49143.71,ttttt,uuuuu,vvvvv,wwwww,xxxxx,yyyyy,zzzzz
Mazda,MPV,1997,5J8TB4H3XGL307537,Khaki,50,5606.2,ttttt,uuuuu,vvvvv,wwwww,xxxxx,yyyyy,zzzzz
Mitsubishi,L300,1988,WAUR2AFD0EN845004,Yellow,94,48972.64,ttttt,uuuuu,vvvvv,wwwww,xxxxx,yyyyy,zzzzz
Mercedes-Benz,C-Class,1995,SCFAD02A85G682589,Aquamarine,24,47593.03,ttttt,uuuuu,vvvvv,wwwww,xxxxx,yyyyy,zzzzz
Cadillac,DeVille,2003,WAUGFAFC8FN680369,Turquoise,6,13795.72,ttttt,uuuuu,vvvvv,wwwww,xxxxx,yyyyy,zzzzz
BMW,X3,2008,WAUAVAFA0AN951781,Mauv,50,6648,ttttt,uuuuu,vvvvv,wwwww,xxxxx,yyyyy,zzzzz
Lincoln,Continental,1993,3VW4A7AT5DM363975,Green,78,22070.21,ttttt,uuuuu,vvvvv,wwwww,xxxxx,yyyyy,zzzzz
Pontiac,Vibe,2003,1FMEU3DE2AU889467,Violet,76,11720.47,ttttt,uuuuu,vvvvv,wwwww,xxxxx,yyyyy,zzzzz
Lexus,SC,1996,WVGAV3AX0DW268757,Turquoise,4,31817.95,ttttt,uuuuu,vvvvv,wwwww,xxxxx,yyyyy,zzzzz
Volkswagen,New Beetle,2000,2T2BK1BA8CC839902,Green,82,23714.02,ttttt,uuuuu,vvvvv,wwwww,xxxxx,yyyyy,zzzzz
Acura,CL,1999,SCFFDECN1CG884143,Khaki,38,8887.88,ttttt,uuuuu,vvvvv,wwwww,xxxxx,yyyyy,zzzzz
Dodge,Ram 2500,2008,WAUMFAFL6CN339275,Red,50,11992.14,ttttt,uuuuu,vvvvv,wwwww,xxxxx,yyyyy,zzzzz
Dodge,D350 Club,1992,3VW1K7AJ9BM545528,Turquoise,98,46278.56,ttttt,uuuuu,vvvvv,wwwww,xxxxx,yyyyy,zzzzz
Honda,Civic Si,2003,1B3CC1FB0AN329838,Aquamarine,58,14656.97,ttttt,uuuuu,vvvvv,wwwww,xxxxx,yyyyy,zzzzz
Toyota,Supra,1995,1N4AL2AP2BN829005,Puce,66,25828.04,ttttt,uuuuu,vvvvv,wwwww,xxxxx,yyyyy,zzzzz
